0 root
1 0 0 2,5,8,7,6,3,1,4,9 30 0
2 1 8 8,1,5,4,7,6,2,3,9 2 0
3 1 42 3,1,2,5,4,9,7,6,8 28 0
4 1 46 6,2,7,9,5,3,4,8,1 129 0
5 1 50 5,1,6,3,4,9,8,7,2 0 0
6 2 2 2,7,3,9,5,8,4,1,6 2 0
7 2 30 1,4,5,9,8,3,2,7,6 110 0
8 2 52 3,4,2,6,5,1,8,7,9 99 0
9 2 80 7,9,5,2,1,6,3,8,4 175 0
10 3 16 1,2,3,4,5,7,6,8,9 0 0
11 3 40 3,1,7,6,9,5,8,2,4 125 0
12 3 46 2,7,3,5,4,9,6,1,8 162 0
13 4 41 2,6,3,4,5,8,9,7,1 113 0
14 4 78 6,7,1,8,9,2,4,5,3 99 0
15 5 12 1,5,9,4,7,6,2,8,3 168 0
16 5 52 3,4,1,5,2,9,7,6,8 23 0
17 5 78 7,5,4,2,3,6,9,1,8 71 0
18 6 12 1,5,4,9,6,8,2,3,7 145 0
19 6 19 2,3,6,1,4,5,7,8,9 63 0
20 6 33 2,4,5,1,3,6,8,9,7 27 0
21 6 41 8,1,3,6,4,7,5,9,2 17 0
22 6 51 2,1,4,6,9,3,5,8,7 0 0
23 6 59 1,2,3,5,4,7,8,6,9 0 0
24 6 73 3,4,8,5,2,6,1,9,7 19 0
25 6 78 2,5,7,3,4,6,1,8,9 17 0
26 7 8 8,3,4,5,7,2,9,6,1 29 0
27 7 49 2,3,7,6,9,5,4,8,1 187 0
28 7 50 2,7,9,5,3,4,6,8,1 189 0
29 8 51 3,2,5,7,8,9,6,4,1 47 0
30 8 61 6,2,5,3,1,4,8,7,9 1 0
31 8 72 3,2,8,1,7,4,5,6,9 45 0
32 8 75 4,1,2,6,3,7,5,8,9 40 0
33 8 77 7,3,1,4,2,6,8,5,9 43 0
34 9 51 4,9,7,8,6,2,3,1,5 177 0
35 9 79 2,1,5,6,8,7,3,4,9 0 0
36 10 16 1,9,3,8,7,4,6,2,5 131 0
37 11 16 3,4,8,2,6,5,7,1,9 208 0
38 11 43 2,4,6,9,3,1,5,7,8 214 0
39 11 53 3,1,6,5,4,2,9,8,7 8 0
40 11 75 1,3,4,9,2,6,7,5,8 12 0
41 11 77 2,1,7,4,5,6,8,3,9 3 0
42 12 15 8,1,3,5,2,4,7,9,6 190 0
43 12 72 3,2,8,5,1,7,4,6,9 34 0
44 12 77 7,3,1,5,2,6,8,4,9 36 0
45 13 30 2,4,3,1,7,8,6,5,9 147 0
46 13 32 2,6,1,4,7,3,5,9,8 34 0
47 13 62 1,3,8,4,5,2,7,6,9 9 0
48 13 74 9,1,3,4,5,2,8,6,7 109 0
49 13 82 5,4,3,1,6,7,8,2,9 17 0
50 14 69 5,1,2,4,3,8,6,9,7 188 0
51 15 34 7,1,2,9,8,5,6,3,4 168 0
52 15 52 2,5,4,3,1,9,6,8,7 4 0
53 15 81 2,9,1,8,3,5,6,7,4 233 0
54 16 26 4,1,5,2,3,8,6,7,9 8 0
55 16 70 7,2,4,8,1,5,6,3,9 66 0
56 18 2 1,2,6,3,4,5,8,9,7 0 0
57 18 6 1,2,4,9,5,6,3,8,7 3 0
58 18 10 1,2,4,3,5,6,7,8,9 35 0
59 18 33 2,9,1,3,4,8,7,5,6 29 0
60 18 49 8,1,2,7,9,5,3,6,4 227 0
61 18 52 1,5,4,3,2,9,6,7,8 12 0
62 18 64 2,3,1,7,5,4,8,6,9 13 0
63 18 75 1,9,2,7,5,3,8,6,4 226 0
64 18 76 7,1,2,4,9,6,5,8,3 35 0
65 18 80 2,3,6,1,4,7,5,9,8 11 0
66 19 9 6,5,4,3,8,7,9,2,1 100 0
67 19 34 1,3,4,5,8,9,2,6,7 7 0
68 19 48 2,3,5,4,7,9,1,8,6 0 0
69 19 50 9,3,8,1,7,2,5,4,6 131 0
70 19 65 1,2,4,5,6,3,7,8,9 3 0
71 19 72 8,2,3,1,5,6,9,7,4 129 0
72 19 77 7,1,3,2,5,6,8,9,4 65 0
73 20 17 4,1,5,3,6,2,9,7,8 15 0
74 20 39 1,4,3,5,2,7,9,6,8 15 0
75 20 50 3,1,2,5,9,7,4,6,8 2 0
76 20 68 1,2,3,4,7,5,6,8,9 0 0
77 20 71 1,2,3,8,7,4,6,5,9 0 0
78 20 81 2,3,1,7,5,6,4,8,9 201 0
79 21 47 3,5,4,1,7,9,2,8,6 251 0
80 21 50 3,2,5,4,7,9,1,6,8 189 0
81 21 77 1,2,3,6,7,5,4,8,9 2 0
82 22 6 2,7,1,6,9,8,3,5,4 194 0
83 22 45 2,6,1,4,3,7,9,5,8 33 0
84 22 70 8,3,4,7,1,5,6,2,9 66 0
85 23 65 4,2,3,1,5,8,6,7,9 9 0
86 23 68 3,4,2,7,5,1,8,6,9 3 0
87 23 72 4,2,6,3,5,1,7,8,9 3 0
88 23 77 5,1,3,2,4,7,8,6,9 89 0
89 24 43 4,1,5,2,6,3,9,8,7 9 0
90 25 50 7,2,1,5,4,3,9,6,8 128 0
91 26 14 3,1,2,4,7,9,8,6,5 3 0
92 26 38 2,3,6,4,5,1,7,8,9 171 0
93 27 28 9,1,2,3,4,5,8,6,7 232 0
94 27 45 1,2,7,6,3,5,4,8,9 3 0
95 27 53 6,1,3,5,4,2,7,9,8 65 0
96 27 65 1,4,2,3,8,6,5,9,7 233 0
97 27 79 1,3,5,2,6,4,9,7,8 2 0
98 28 73 9,1,5,6,4,7,2,8,3 7 0
99 28 81 2,4,1,3,9,7,5,6,8 9 0
100 29 15 9,8,5,7,1,3,4,2,6 124 0
101 29 45 3,1,2,9,5,7,8,6,4 169 0
102 29 60 1,2,9,3,8,5,4,6,7 1 0
103 29 70 4,1,8,7,2,9,6,3,5 8 0
104 30 48 5,4,3,1,7,9,2,6,8 33 0
105 30 78 4,7,2,5,3,1,6,9,8 49 0
106 31 27 5,6,4,3,7,2,1,9,8 3 0
107 31 61 5,1,4,6,2,8,3,9,7 3 0
108 32 70 2,5,1,3,7,4,6,8,9 16 0
109 32 73 1,4,6,2,3,5,8,9,7 128 0
110 32 78 6,1,2,3,4,5,8,9,7 38 0
111 34 24 5,8,9,3,1,6,4,2,7 22 0
112 34 48 3,1,4,5,2,7,8,6,9 2 0
113 35 71 4,2,3,1,5,6,7,8,9 201 0
114 35 81 2,1,7,3,5,6,8,4,9 0 0
115 36 15 8,1,3,2,5,4,7,9,6 137 0
116 36 16 1,2,4,8,3,5,9,7,6 2 0
117 36 44 3,2,6,4,9,7,5,1,8 249 0
118 36 51 1,4,6,5,2,9,3,8,7 8 0
119 36 75 4,1,2,9,3,6,7,5,8 0 0
120 36 77 3,1,7,2,5,6,8,4,9 6 0
121 37 11 2,3,4,1,9,5,7,6,8 0 0
122 37 22 1,2,3,5,6,4,7,8,9 0 0
123 37 48 1,5,3,4,2,9,8,7,6 8 0
124 37 54 8,1,2,9,5,6,3,4,7 103 0
125 37 70 9,1,2,4,5,6,7,8,3 231 0
126 37 76 9,1,2,8,5,6,3,4,7 24 0
127 37 79 2,4,3,7,1,5,8,9,6 9 0
128 38 53 5,8,3,4,1,2,6,9,7 147 0
129 38 69 1,8,6,3,9,2,7,5,4 238 0
130 39 51 2,3,4,5,9,6,8,1,7 48 0
131 39 62 1,2,6,5,4,3,7,9,8 1 0
132 39 74 1,2,3,7,5,6,8,4,9 2 0
133 39 82 5,2,1,4,7,6,8,3,9 0 0
134 40 50 1,2,6,3,4,5,7,9,8 3 0
135 40 59 5,6,3,7,1,2,9,8,4 15 0
136 42 35 7,4,2,3,5,9,8,6,1 57 0
137 42 54 3,4,5,2,7,8,6,9,1 175 0
138 43 64 6,1,4,8,2,5,3,7,9 2 0
139 45 25 1,5,6,3,2,7,4,9,8 7 0
140 45 54 1,4,5,2,7,3,6,8,9 160 0
141 45 63 3,5,6,4,2,1,8,7,9 235 0
142 45 76 2,3,8,4,6,5,1,7,9 6 0
143 45 80 4,6,2,3,8,1,5,7,9 128 0
144 46 18 2,1,5,4,3,8,9,6,7 1 0
145 46 52 1,5,3,7,9,6,4,8,2 145 0
146 46 78 7,2,4,3,5,6,1,9,8 125 0
147 47 74 2,1,3,5,4,7,6,8,9 0 0
148 47 79 5,2,4,1,7,3,6,8,9 18 0
149 48 50 3,5,2,4,8,9,7,6,1 111 0
150 50 50 2,3,1,6,8,7,9,4,5 121 0
151 51 19 3,2,4,8,7,6,9,1,5 175 0
152 51 41 3,6,4,2,9,1,5,7,8 47 0
153 52 46 1,2,6,3,4,7,5,9,8 1 0
154 52 55 1,8,2,3,6,7,4,5,9 92 0
155 52 68 9,2,7,3,4,1,5,8,6 68 0
156 54 46 1,5,2,9,3,7,6,8,4 208 0
157 55 75 3,2,1,6,5,4,7,8,9 192 0
158 56 0 3,5,9,6,4,2,1,8,7 7 0
159 56 8 2,1,4,5,6,3,7,9,8 0 0
160 56 14 2,1,5,4,8,3,6,7,9 2 0
161 56 16 1,2,4,3,5,8,6,9,7 3 0
162 56 32 7,1,2,8,9,3,4,6,5 248 0
163 56 48 1,2,9,4,7,8,3,6,5 0 0
164 56 54 2,1,3,9,4,5,6,7,8 3 0
165 56 64 2,8,1,7,9,3,4,5,6 185 0
166 56 74 1,2,8,3,4,6,5,7,9 3 0
167 56 79 2,9,1,8,3,7,5,4,6 249 0
168 56 82 1,8,2,9,7,4,3,6,5 185 0
169 57 10 1,3,8,4,5,2,7,6,9 6 0
170 57 24 1,3,9,5,6,2,7,8,4 6 0
171 57 26 1,2,7,3,4,5,6,8,9 3 0
172 57 40 2,3,6,9,8,5,7,1,4 4 0
173 57 49 8,1,2,9,5,4,3,6,7 95 0
174 57 65 9,1,2,8,5,4,3,6,7 32 0
175 57 68 2,4,3,8,1,9,5,6,7 94 0
176 57 69 3,9,6,4,1,5,2,8,7 223 0
177 57 83 5,3,1,6,7,2,9,8,4 67 0
178 58 12 1,2,3,4,5,7,6,8,9 0 0
179 58 20 1,2,9,4,3,6,5,7,8 67 0
180 58 32 2,3,1,9,4,6,8,5,7 38 0
181 58 49 1,8,9,5,2,3,4,6,7 64 0
182 58 53 1,5,3,4,9,8,2,6,7 47 0
183 58 65 1,4,5,2,3,8,9,7,6 39 0
184 58 75 1,9,5,4,8,2,3,7,6 192 0
185 58 76 1,9,3,5,8,2,7,6,4 63 0
186 58 79 2,3,4,1,5,6,7,8,9 32 0
187 59 17 1,4,2,7,6,9,8,5,3 137 0
188 59 33 3,2,8,1,5,4,6,9,7 6 0
189 59 39 1,4,7,3,2,8,5,6,9 137 0
190 59 51 2,1,4,8,3,6,7,5,9 2 0
191 59 73 3,5,1,2,9,4,8,6,7 136 0
192 59 82 1,2,6,3,9,7,8,4,5 1 0
193 60 19 2,5,3,7,6,8,9,1,4 18 0
194 60 23 2,6,5,9,3,1,4,8,7 50 0
195 60 34 2,4,3,6,1,7,5,9,8 3 0
196 60 44 2,4,3,9,6,8,7,5,1 3 0
197 60 62 3,4,2,7,8,1,5,6,9 3 0
198 61 14 1,2,4,3,5,9,8,6,7 3 0
199 61 46 1,2,6,3,5,7,4,9,8 1 0
200 61 55 1,2,8,3,6,7,9,4,5 1 0
201 61 68 2,1,7,3,4,5,8,6,9 2 0
202 62 62 2,5,4,1,3,6,8,7,9 252 0
203 62 76 1,2,4,8,5,3,6,7,9 3 0
204 62 80 4,6,1,8,2,3,5,7,9 139 0
205 63 72 2,3,4,5,1,9,7,8,6 0 0
206 64 44 6,3,1,4,9,7,2,8,5 2 0
207 66 5 8,3,2,4,1,6,7,9,5 38 0
208 66 10 9,3,5,8,4,7,2,1,6 93 0
209 66 24 3,9,2,8,1,6,4,5,7 162 0
210 66 55 8,1,3,6,7,2,5,4,9 163 0
211 66 70 9,1,2,3,8,4,5,7,6 162 0
212 66 75 7,1,9,5,3,4,2,8,6 8 0
213 67 15 1,4,3,2,5,8,7,6,9 0 0
214 67 16 1,2,4,5,9,6,7,8,3 3 0
215 67 43 2,6,4,3,7,1,5,9,8 48 0
216 67 53 2,5,6,3,4,9,7,1,8 2 0
217 67 62 6,5,2,1,4,3,9,7,8 140 0
218 67 76 5,2,1,4,7,6,8,3,9 0 0
219 67 78 1,3,4,8,2,5,7,6,9 137 0
220 68 16 2,1,8,3,6,5,7,9,4 0 0
221 68 54 2,5,6,1,4,3,8,7,9 2 0
222 68 55 2,5,8,6,7,1,3,4,9 16 0
223 68 74 2,8,5,6,3,4,1,7,9 193 0
224 68 82 1,2,7,3,6,8,4,5,9 3 0
225 69 15 9,1,2,5,3,6,4,8,7 194 0
226 69 16 3,2,1,7,4,6,9,5,8 2 0
227 69 50 4,9,1,7,8,6,3,5,2 70 0
228 70 68 4,3,2,1,5,8,6,9,7 160 0
229 70 72 2,4,8,5,1,6,9,3,7 41 0
230 70 77 1,4,5,7,2,6,3,8,9 32 0
231 71 23 2,4,3,1,5,6,8,7,9 3 0
232 72 72 8,3,7,2,1,4,5,9,6 77 0
233 73 17 3,1,5,4,2,7,6,9,8 7 0
234 73 29 2,3,1,8,6,9,4,5,7 63 0
235 73 51 1,5,2,8,9,6,4,7,3 87 0
236 73 66 2,3,1,4,7,6,8,5,9 57 0
237 73 73 3,4,8,2,6,5,1,9,7 15 0
238 74 30 1,2,3,6,5,4,9,7,8 1 0
239 74 52 1,2,3,5,4,6,8,9,7 0 0
240 74 64 1,2,4,5,3,6,9,7,8 3 0
241 74 66 1,3,5,7,4,2,6,8,9 2 0
242 74 74 1,3,6,5,4,2,8,7,9 6 0
243 74 78 1,2,5,3,4,6,8,9,7 3 0
244 75 31 3,6,2,9,1,7,8,5,4 34 0
245 75 41 2,3,1,6,8,4,9,5,7 4 0
246 75 65 1,3,2,6,4,8,5,9,7 156 0
247 76 58 1,4,3,2,6,7,5,8,9 15 0
248 76 62 1,8,5,2,7,3,4,6,9 15 0
249 76 74 1,3,2,7,6,5,4,8,9 7 0
250 76 82 2,5,1,3,6,7,8,4,9 17 0
251 77 41 1,2,3,4,5,6,9,7,8 0 0
252 77 80 2,5,3,1,7,4,6,8,9 3 0
253 79 34 4,2,3,1,7,6,8,9,5 41 0
254 79 44 4,1,2,3,5,6,8,7,9 47 0
255 79 48 1,4,2,5,3,6,8,9,7 47 0
256 79 69 3,2,4,1,8,7,5,6,9 249 0
257 80 55 7,1,2,5,8,4,3,6,9 127 0
258 80 72 2,1,3,4,5,6,7,8,9 3 0
259 82 15 1,2,5,3,4,6,7,8,9 3 0
260 82 44 2,6,7,3,4,9,1,8,5 32 0
261 82 51 3,2,7,4,1,6,8,5,9 34 0
262 82 77 7,3,1,4,2,6,8,5,9 36 0
263 83 51 2,5,6,3,4,9,8,7,1 49 0
264 83 61 1,3,6,7,2,8,4,9,5 3 0
265 84 70 2,4,7,5,1,3,6,8,9 163 0
266 85 7 1,2,3,4,5,6,7,8,9 0 0
267 85 69 5,3,2,1,4,8,6,7,9 22 0
268 85 73 1,3,5,8,2,6,7,4,9 2 0
269 85 78 1,2,7,3,5,6,4,8,9 3 0
270 86 61 2,3,1,5,8,4,7,6,9 4 0
271 86 76 5,1,3,4,2,6,8,7,9 19 0
272 87 31 6,1,3,4,2,7,5,9,8 98 0
273 87 82 5,4,2,1,6,3,7,8,9 25 0
274 89 55 1,4,5,6,7,8,9,3,2 89 0
275 89 68 2,4,6,3,5,1,8,7,9 9 0
276 90 58 1,8,9,7,6,5,3,2,4 73 0
277 91 24 4,1,5,2,3,8,7,6,9 73 0
278 91 36 2,5,4,3,1,8,6,7,9 219 0
279 91 62 2,1,3,6,7,9,4,5,8 1 0
280 91 67 5,1,2,4,6,3,9,8,7 35 0
281 91 80 3,1,2,4,6,7,9,5,8 204 0
282 92 46 4,3,5,7,8,2,1,9,6 12 0
283 92 70 6,3,7,5,4,1,2,8,9 38 0
284 93 16 2,3,5,4,7,1,6,9,8 41 0
285 93 48 3,5,2,4,9,7,1,8,6 61 0
286 93 51 2,3,4,5,9,7,8,6,1 47 0
287 94 23 1,2,3,4,5,6,8,7,9 0 0
288 94 52 4,5,6,1,2,3,9,7,8 9 0
289 94 76 2,1,7,8,3,4,5,6,9 1 0
290 94 81 1,5,6,4,3,2,9,7,8 0 0
291 95 44 5,1,2,3,8,4,6,7,9 255 0
292 95 79 1,3,2,4,5,8,6,7,9 102 0
293 96 44 1,3,2,4,6,7,9,8,5 201 0
294 96 50 2,3,4,1,8,5,9,6,7 207 0
295 97 74 1,2,3,5,7,6,4,8,9 1 0
296 98 30 1,8,9,5,4,6,7,3,2 28 0
297 98 36 5,2,7,3,9,6,4,1,8 163 0
298 99 71 1,3,2,4,6,7,5,8,9 6 0
299 100 57 2,4,7,1,5,8,3,6,9 6 0
300 100 63 1,6,2,5,3,4,8,7,9 19 0
301 100 75 1,6,5,3,2,4,7,8,9 51 0
302 100 82 7,2,4,3,6,5,1,8,9 195 0
303 101 44 2,6,3,4,9,7,1,5,8 33 0
304 101 50 6,1,3,4,2,8,9,5,7 1 0
305 101 72 2,4,8,1,5,6,3,9,7 51 0
306 102 47 1,3,5,7,2,9,6,8,4 2 0
307 103 75 2,1,3,6,5,4,7,9,8 3 0
308 104 16 4,1,2,6,9,5,8,7,3 128 0
309 104 68 1,3,2,4,8,5,6,7,9 6 0
310 104 76 2,5,1,6,3,4,7,9,8 17 0
311 105 64 6,2,4,5,1,7,3,8,9 98 0
312 106 30 1,5,3,4,7,2,6,8,9 112 0
313 106 40 1,3,2,9,7,6,8,4,5 252 0
314 106 49 2,6,1,3,4,9,5,7,8 32 0
315 107 50 2,1,4,6,8,7,9,5,3 0 0
316 108 65 3,6,1,2,8,4,7,5,9 166 0
317 108 73 2,1,5,4,8,3,9,6,7 1 0
318 108 77 1,2,7,3,4,6,5,8,9 3 0
319 109 53 3,4,1,2,6,5,8,7,9 95 0
320 109 64 5,7,1,2,6,3,4,9,8 83 0
321 109 80 1,5,4,2,6,8,3,7,9 88 0
322 111 31 1,4,5,2,3,7,8,9,6 1 0
323 111 54 2,3,5,6,9,4,1,7,8 6 0
324 111 74 4,1,6,7,3,2,5,9,8 1 0
325 111 82 1,3,2,7,4,5,8,9,6 6 0
326 112 50 2,1,4,6,7,8,9,3,5 1 0
327 113 29 3,1,2,5,4,7,9,8,6 3 0
328 113 81 2,3,7,6,1,4,8,5,9 6 0
329 115 16 3,4,2,5,7,9,8,6,1 163 0
330 115 35 2,3,7,4,5,9,8,6,1 41 0
331 115 40 5,7,2,3,4,9,6,1,8 0 0
332 115 54 2,3,4,8,6,5,7,9,1 45 0
333 116 15 2,3,4,5,7,8,9,1,6 175 0
334 116 16 3,2,4,5,9,8,6,1,7 169 0
335 116 55 3,2,7,1,9,6,4,5,8 175 0
336 116 77 1,2,3,7,6,5,4,9,8 1 0
337 117 33 7,5,2,4,1,3,9,8,6 4 0
338 117 80 1,7,9,2,8,3,6,5,4 144 0
339 118 34 2,4,3,7,8,1,5,9,6 9 0
340 118 45 1,3,4,9,5,7,8,6,2 83 0
341 118 63 1,3,4,5,7,2,6,9,8 83 0
342 118 69 2,6,1,3,5,7,8,4,9 32 0
343 118 83 1,5,4,2,7,6,8,3,9 3 0
344 119 60 5,3,6,2,7,1,8,9,4 28 0
345 121 20 3,4,5,6,1,2,9,7,8 8 0
346 121 49 5,3,1,6,2,4,7,8,9 57 0
347 121 53 1,4,5,2,3,6,8,7,9 0 0
348 121 54 4,5,1,7,6,3,8,2,9 60 0
349 121 60 2,1,3,4,8,6,7,9,5 3 0
350 121 63 2,1,3,7,4,6,8,9,5 1 0
351 121 76 1,5,9,4,6,2,3,7,8 45 0
352 121 79 2,6,4,3,1,5,7,8,9 4 0
353 122 20 1,2,6,3,4,5,7,8,9 67 0
354 122 32 2,1,3,5,6,4,7,8,9 3 0
355 122 49 1,4,3,9,8,2,5,6,7 40 0
356 122 53 1,8,2,4,9,3,5,7,6 214 0
357 122 65 1,9,4,5,2,8,3,6,7 215 0
358 122 75 1,9,2,4,8,3,5,7,6 41 0
359 122 79 2,3,1,4,6,7,9,8,5 70 0
360 123 32 2,3,4,1,8,5,6,7,9 0 0
361 123 51 1,2,6,3,5,7,4,8,9 1 0
362 123 67 1,2,6,3,4,8,5,7,9 1 0
363 123 82 1,2,6,3,7,9,5,4,8 1 0
364 124 19 4,3,2,1,8,6,9,5,7 15 0
365 124 23 3,6,8,9,2,1,4,5,7 38 0
366 124 69 2,3,5,6,7,8,9,1,4 159 0
367 125 77 1,7,4,3,6,5,9,2,8 126 0
368 126 23 3,5,8,2,9,4,7,1,6 6 0
369 128 50 9,5,8,1,2,3,4,7,6 176 0
370 128 53 2,3,5,1,8,6,7,9,4 180 0
371 128 72 2,1,4,5,3,6,7,8,9 0 0
372 130 34 4,1,3,6,7,5,9,2,8 41 0
373 130 44 1,4,6,5,3,2,8,7,9 41 0
374 130 64 2,8,1,4,6,7,5,3,9 214 0
375 131 54 1,2,3,4,7,6,5,8,9 0 0
376 131 79 4,2,5,3,1,7,6,9,8 3 0
377 132 76 5,2,1,4,8,6,7,3,9 0 0
378 132 78 1,2,3,4,5,6,7,8,9 0 0
379 134 41 1,6,4,3,9,7,5,2,8 41 0
380 134 73 2,4,1,5,3,6,9,8,7 54 0
381 135 83 1,7,5,8,4,3,2,9,6 102 0
382 136 26 1,2,4,5,3,6,7,8,9 3 0
383 136 46 1,2,3,4,5,6,9,8,7 0 0
384 136 69 9,3,4,2,5,8,1,7,6 45 0
385 137 51 9,2,3,4,1,7,5,6,8 61 0
386 138 75 2,1,3,6,5,4,7,8,9 2 0
387 139 24 1,2,3,4,5,8,7,6,9 0 0
388 139 42 3,4,2,1,9,6,7,5,8 12 0
389 139 47 4,9,2,3,1,5,7,6,8 4 0
390 139 67 1,2,8,3,5,4,9,6,7 1 0
391 139 83 1,3,9,4,5,7,2,6,8 25 0
392 140 61 3,2,6,5,4,7,1,8,9 61 0
393 140 75 2,4,6,8,3,1,5,7,9 3 0
394 140 78 2,1,4,7,5,6,3,8,9 2 0
395 141 62 6,1,5,4,3,2,8,7,9 237 0
396 141 67 5,1,2,4,6,7,8,3,9 252 0
397 141 74 3,1,4,7,5,2,6,8,9 204 0
398 141 79 1,2,3,7,5,4,8,6,9 0 0
399 142 61 3,1,2,4,5,6,7,8,9 83 0
400 144 30 1,4,3,9,5,7,2,8,6 0 0
401 144 41 2,3,4,1,7,8,5,6,9 32 0
402 144 70 2,3,1,7,4,6,5,8,9 36 0
403 145 81 4,7,2,6,5,3,1,9,8 57 0
404 147 62 9,1,2,3,7,4,5,6,8 178 0
405 147 76 9,2,5,1,4,6,3,8,7 84 0
406 147 79 9,1,4,2,5,6,3,8,7 93 0
407 148 69 9,1,2,3,4,6,5,7,8 152 0
408 150 43 9,1,2,8,3,6,5,4,7 87 0
409 150 70 2,3,1,4,8,5,9,6,7 86 0
410 151 18 3,1,2,9,8,4,5,6,7 40 0
411 151 52 2,9,4,5,3,1,8,7,6 80 0
412 151 80 1,6,3,7,2,8,9,4,5 9 0
413 152 18 6,1,4,8,2,7,3,5,9 6 0
414 152 82 6,1,2,8,7,5,3,4,9 7 0
415 153 40 6,2,3,5,7,4,1,9,8 41 0
416 153 64 1,2,3,8,4,7,9,5,6 0 0
417 156 19 1,3,5,4,8,2,9,6,7 163 0
418 156 54 3,1,2,6,5,4,9,8,7 167 0
419 157 73 9,2,3,5,1,4,8,6,7 33 0
420 158 0 1,6,8,9,7,3,2,4,5 33 0
421 158 10 6,7,2,3,1,5,4,9,8 96 0
422 158 17 6,7,4,3,1,2,5,8,9 96 0
423 158 19 9,7,8,6,2,4,5,3,1 187 0
424 158 24 9,6,7,5,8,3,2,4,1 100 0
425 158 26 7,6,3,9,8,2,5,1,4 96 0
426 158 32 8,6,7,1,4,3,9,5,2 155 0
427 159 0 1,2,3,4,6,5,8,9,7 7 0
428 159 8 1,2,3,6,9,5,4,7,8 0 0
429 159 34 7,1,2,8,9,5,6,3,4 224 0
430 159 48 1,9,2,3,4,7,8,5,6 30 0
431 159 52 2,1,5,3,4,9,6,7,8 0 0
432 159 64 2,8,1,3,4,7,9,6,5 161 0
433 159 74 1,6,3,2,4,8,7,9,5 0 0
434 159 81 1,9,2,3,8,5,7,6,4 30 0
435 159 82 8,1,2,4,9,6,7,5,3 32 0
436 160 7 2,1,3,4,9,8,5,6,7 3 0
437 160 22 2,1,4,3,6,5,7,8,9 0 0
438 160 43 1,3,6,4,2,9,8,7,5 6 0
439 160 55 8,2,1,9,5,3,6,4,7 93 0
440 160 68 1,3,2,5,4,8,9,6,7 7 0
441 160 70 9,3,1,2,6,5,8,7,4 34 0
442 160 75 9,2,1,8,5,3,6,4,7 34 0
443 160 80 2,1,3,4,7,6,9,5,8 3 0
444 161 32 1,3,2,8,9,4,7,5,6 6 0
445 161 44 2,1,3,9,6,8,4,5,7 3 0
446 161 48 8,1,2,4,9,3,5,6,7 136 0
447 161 55 1,8,3,2,6,9,4,7,5 8 0
448 161 70 1,2,3,4,5,8,7,6,9 0 0
449 161 74 9,1,2,8,3,4,6,7,5 119 0
450 161 79 1,3,2,4,7,5,6,9,8 6 0
451 162 19 3,2,5,9,6,7,8,4,1 48 0
452 162 26 2,4,3,1,5,6,8,9,7 3 0
453 162 44 2,3,4,7,6,8,9,1,5 54 0
454 162 53 2,5,1,3,4,8,7,6,9 16 0
455 162 59 3,5,2,6,1,4,7,8,9 18 0
456 162 70 3,4,1,2,6,5,7,9,8 15 0
457 163 9 1,2,6,3,5,4,7,8,9 3 0
458 163 32 3,1,2,7,5,9,6,4,8 71 0
459 163 46 3,1,2,4,5,8,7,9,6 67 0
460 163 70 2,3,1,4,7,5,9,8,6 70 0
461 163 73 2,3,6,1,4,5,7,8,9 64 0
462 164 15 1,9,4,8,3,5,2,6,7 143 0
463 164 44 1,2,3,9,5,4,8,7,6 0 0
464 164 61 1,3,4,2,8,9,6,5,7 3 0
465 164 74 9,1,3,4,5,2,8,7,6 112 0
466 165 18 1,3,2,6,8,4,5,7,9 57 0
467 165 29 2,3,1,4,7,6,5,8,9 6 0
468 165 63 2,1,3,4,7,5,9,6,8 3 0
469 166 61 1,9,3,4,7,6,2,8,5 8 0
470 166 68 1,3,2,4,6,9,8,5,7 118 0
471 169 3 2,5,3,6,7,8,4,1,9 67 0
472 169 26 1,2,6,7,3,4,5,8,9 0 0
473 169 33 2,1,5,7,4,3,8,9,6 3 0
474 169 43 3,1,4,5,2,6,8,7,9 88 0
475 169 46 1,2,6,3,5,4,9,8,7 0 0
476 169 65 1,3,5,2,4,9,6,8,7 92 0
477 169 66 1,2,8,4,5,7,6,3,9 0 0
478 169 73 2,5,1,7,8,9,6,3,4 65 0
479 169 78 2,6,1,4,8,5,3,7,9 34 0
480 169 80 4,2,5,1,9,3,8,6,7 81 0
481 170 6 2,4,1,9,7,5,3,6,8 73 0
482 170 23 1,2,3,6,5,8,7,4,9 3 0
483 170 44 1,3,8,4,2,5,6,9,7 51 0
484 170 52 4,2,1,7,5,6,9,8,3 75 0
485 170 55 1,7,2,9,5,4,6,8,3 65 0
486 170 61 3,4,6,1,2,9,5,8,7 32 0
487 170 64 2,3,5,1,4,9,7,6,8 52 0
488 170 69 3,1,6,2,9,4,7,5,8 50 0
489 170 78 2,5,4,7,3,6,1,9,8 32 0
490 171 15 1,2,3,5,4,6,7,8,9 3 0
491 171 44 2,3,7,1,4,9,8,6,5 43 0
492 171 55 8,2,1,9,6,5,3,7,4 63 0
493 171 70 9,2,1,8,6,5,3,7,4 64 0
494 171 74 2,1,5,3,4,8,9,6,7 3 0
495 171 75 9,1,4,2,5,7,6,8,3 189 0
496 171 79 1,6,2,3,4,7,9,8,5 41 0
497 172 3 1,5,4,2,3,6,7,9,8 159 0
498 172 18 1,4,3,5,8,7,6,2,9 142 0
499 172 29 2,6,3,7,4,8,1,9,5 195 0
500 172 61 3,2,6,4,1,7,5,9,8 0 0
501 172 69 4,3,1,9,5,8,7,6,2 0 0
502 173 19 2,3,6,8,7,9,5,1,4 137 0
503 173 48 4,7,6,1,2,5,3,8,9 9 0
504 173 53 1,6,3,8,5,7,4,2,9 96 0
505 173 59 2,5,6,7,1,4,8,3,9 50 0
506 174 50 3,4,1,5,7,6,2,8,9 15 0
507 174 59 5,7,2,8,4,3,9,6,1 121 0
508 175 49 3,8,5,2,1,7,6,4,9 24 0
509 175 69 7,3,2,5,8,4,9,6,1 18 0
510 176 78 6,1,2,4,3,5,8,9,7 168 0
511 178 10 1,4,9,5,7,2,3,6,8 79 0
512 178 21 1,2,4,3,5,7,6,8,9 3 0
513 178 48 1,5,3,2,4,9,8,6,7 95 0
514 178 54 8,1,2,9,5,3,6,7,4 32 0
515 178 65 2,4,1,5,3,6,8,7,9 78 0
516 178 70 9,1,4,2,5,6,7,8,3 94 0
517 178 76 9,1,2,8,5,3,6,7,4 95 0
518 178 79 2,4,7,3,1,5,6,9,8 76 0
519 179 25 1,4,7,2,5,6,3,8,9 176 0
520 179 47 1,6,3,5,7,8,4,2,9 160 0
521 179 49 1,5,6,3,2,4,7,8,9 177 0
522 179 52 3,1,4,7,6,5,2,8,9 252 0
523 179 64 6,1,4,5,2,7,3,9,8 129 0
524 179 76 1,6,3,7,4,5,2,9,8 161 0
525 179 80 1,7,5,4,2,6,3,8,9 184 0
526 180 24 1,2,5,6,3,7,4,8,9 2 0
527 180 44 1,2,5,3,8,4,6,9,7 3 0
528 180 55 4,1,3,7,6,2,8,5,9 145 0
529 180 75 3,2,8,4,1,6,5,7,9 6 0
530 180 80 4,5,7,6,9,1,3,8,2 137 0
531 181 12 5,7,1,8,4,2,3,6,9 79 0
532 181 25 1,4,2,7,5,3,8,9,6 14 0
533 181 61 1,3,2,7,5,4,6,9,8 6 0
534 181 72 1,4,3,6,2,5,7,8,9 15 0
535 181 79 1,6,4,5,9,7,8,3,2 110 0
536 182 8 1,2,3,4,6,5,7,8,9 0 0
537 182 18 2,1,3,4,8,7,5,6,9 3 0
538 182 63 1,2,5,3,4,6,8,7,9 1 0
539 182 81 1,2,3,5,9,6,8,4,7 2 0
540 183 25 2,3,5,1,6,4,8,9,7 73 0
541 183 34 2,4,3,5,1,9,6,8,7 3 0
542 183 83 1,5,2,3,6,4,7,9,8 16 0
543 184 27 2,4,3,9,6,1,7,5,8 35 0
544 185 6 4,3,1,8,9,6,2,5,7 12 0
545 187 8 7,1,2,8,6,9,3,5,4 3 0
546 187 22 1,2,4,7,6,5,8,3,9 3 0
547 187 25 1,2,7,3,4,5,6,8,9 0 0
548 187 34 1,4,2,6,7,9,8,3,5 94 0
549 187 47 1,2,3,5,4,6,7,8,9 0 0
550 187 69 1,6,2,8,9,5,3,7,4 126 0
551 188 12 1,3,2,6,5,4,7,9,8 7 0
552 188 52 2,1,4,3,5,8,7,9,6 0 0
553 188 58 3,1,5,2,4,6,7,8,9 7 0
554 188 77 5,1,3,8,2,4,6,9,7 39 0
555 189 16 2,6,1,3,7,9,8,5,4 50 0
556 189 61 2,1,7,4,9,6,3,5,8 1 0
557 189 82 3,1,5,6,8,2,4,9,7 178 0
558 190 69 2,1,6,3,5,7,4,8,9 1 0
559 190 75 1,5,4,8,3,2,9,6,7 17 0
560 191 54 4,5,1,3,8,2,7,6,9 251 0
561 191 64 1,2,5,4,3,7,8,6,9 0 0
562 193 17 2,1,9,3,8,4,6,5,7 2 0
563 193 51 3,9,4,2,1,6,8,5,7 134 0
564 193 80 1,5,2,7,3,8,9,4,6 16 0
565 194 15 1,5,3,4,6,2,7,9,8 246 0
566 194 52 1,3,4,2,7,5,6,8,9 3 0
567 194 58 1,2,3,4,5,9,8,6,7 0 0
568 194 82 1,2,6,7,3,8,4,9,5 1 0
569 195 25 4,2,6,5,3,1,8,9,7 62 0
570 195 54 3,2,6,4,1,9,5,8,7 4 0
571 195 72 2,3,1,5,8,6,4,9,7 6 0
572 196 17 2,1,8,3,9,4,5,6,7 0 0
573 196 80 3,2,6,1,7,9,8,4,5 4 0
574 197 82 6,1,5,8,7,2,4,3,9 0 0
575 198 22 1,2,3,4,5,8,7,6,9 0 0
576 198 42 2,4,1,3,6,9,7,5,8 9 0
577 198 48 2,3,1,9,4,5,7,6,8 150 0
578 198 83 4,9,1,3,5,2,7,8,6 225 0
579 199 40 6,2,3,1,7,4,5,9,8 41 0
580 199 73 1,2,3,8,9,4,5,7,6 0 0
581 200 29 2,6,4,3,1,8,9,5,7 41 0
582 202 59 3,4,5,2,6,1,8,7,9 135 0
583 202 63 4,1,2,3,5,8,7,6,9 255 0
584 202 73 6,7,3,1,2,4,5,8,9 255 0
585 202 82 1,2,7,4,3,6,8,5,9 0 0
586 203 61 2,1,4,3,7,5,6,8,9 0 0
587 206 61 3,2,1,7,8,9,5,6,4 0 0
588 207 18 2,1,7,4,8,9,3,6,5 0 0
589 207 25 3,8,4,7,9,2,1,5,6 23 0
590 207 30 1,3,4,9,5,8,6,2,7 18 0
591 207 42 2,4,3,9,6,7,1,8,5 44 0
592 207 75 1,3,5,4,2,8,9,6,7 22 0
593 207 82 2,1,6,3,4,7,9,5,8 1 0
594 207 83 1,4,6,3,7,2,5,8,9 22 0
595 208 34 1,2,4,7,8,5,6,3,9 1 0
596 208 53 2,3,4,5,1,6,7,8,9 6 0
597 208 57 6,1,3,2,5,4,7,8,9 35 0
598 208 69 3,1,4,5,6,7,9,8,2 38 0
599 208 72 2,1,5,7,3,4,8,6,9 3 0
600 208 81 1,7,2,8,3,4,5,6,9 128 0
601 209 69 2,3,5,4,1,7,8,6,9 22 0
602 209 78 2,3,5,4,6,1,7,9,8 22 0
603 210 74 7,8,2,6,9,1,5,3,4 223 0
604 211 26 5,1,2,4,3,6,9,7,8 103 0
605 213 31 2,4,3,5,9,7,1,8,6 156 0
606 213 40 3,2,1,5,6,7,4,8,9 22 0
607 213 41 2,1,4,5,9,6,3,8,7 0 0
608 213 62 1,2,5,8,4,3,6,9,7 2 0
609 213 69 1,3,2,6,5,7,8,4,9 35 0
610 213 83 2,5,4,1,6,7,3,8,9 0 0
611 214 34 1,2,4,3,7,8,6,5,9 3 0
612 214 42 1,3,5,8,2,4,6,7,9 7 0
613 214 52 5,2,3,4,6,1,7,9,8 80 0
614 214 59 6,4,2,1,3,5,9,7,8 81 0
615 214 80 2,4,6,1,3,5,9,7,8 1 0
616 215 42 1,7,2,3,5,6,8,4,9 67 0
617 215 55 1,2,7,6,3,4,8,5,9 0 0
618 215 64 1,2,4,8,3,5,7,6,9 2 0
619 215 69 1,7,2,3,4,6,8,5,9 67 0
620 215 72 6,1,2,3,7,4,5,8,9 66 0
621 215 77 1,4,3,5,2,6,7,8,9 0 0
622 216 32 2,1,5,3,7,6,8,4,9 0 0
623 216 46 2,3,1,6,5,4,8,7,9 224 0
624 216 66 4,8,2,3,1,7,5,6,9 110 0
625 217 39 1,4,2,3,5,6,7,8,9 9 0
626 217 50 2,3,1,5,4,9,6,8,7 205 0
627 217 73 1,4,2,3,5,6,9,7,8 9 0
628 218 72 1,3,4,2,5,7,6,8,9 236 0
629 219 64 1,3,2,4,5,6,7,8,9 9 0
630 220 28 3,2,1,7,4,6,8,5,9 68 0
631 220 32 1,3,5,4,2,6,7,8,9 66 0
632 220 43 3,2,1,7,4,5,8,6,9 68 0
633 220 83 3,1,4,2,6,5,7,9,8 70 0
634 221 73 1,2,4,5,6,7,3,9,8 3 0
635 221 81 1,7,2,3,5,6,8,4,9 201 0
636 222 81 1,3,2,4,8,7,5,6,9 54 0
637 223 60 1,2,3,5,8,7,4,6,9 0 0
638 224 34 2,1,3,5,4,9,6,7,8 3 0
639 225 14 6,3,5,7,9,2,1,4,8 15 0
640 226 43 2,1,6,5,4,3,7,8,9 3 0
641 226 61 1,4,2,7,5,3,6,9,8 8 0
642 228 48 1,3,4,5,2,9,6,7,8 44 0
643 228 79 1,3,4,6,5,2,7,8,9 44 0
644 229 28 1,5,2,4,6,3,9,7,8 50 0
645 230 50 5,3,1,6,4,8,2,7,9 3 0
646 231 53 3,5,6,4,7,8,9,1,2 119 0
647 231 60 4,1,3,2,5,8,7,6,9 9 0
648 232 61 2,3,1,5,6,8,4,9,7 4 0
649 233 15 2,5,1,8,3,4,9,7,6 17 0
650 233 26 2,3,4,1,7,8,5,6,9 32 0
651 233 45 1,4,3,5,2,7,9,8,6 0 0
652 233 51 1,2,4,5,6,3,7,9,8 2 0
653 233 70 2,3,1,4,8,6,5,7,9 38 0
654 234 18 1,2,3,4,7,5,6,8,9 0 0
655 234 51 2,1,5,8,3,4,7,6,9 1 0
656 234 59 6,1,4,3,5,2,8,7,9 246 0
657 234 67 4,1,2,5,6,8,7,3,9 255 0
658 234 75 1,2,3,7,8,4,6,5,9 3 0
659 234 79 1,2,3,7,4,5,8,6,9 3 0
660 235 16 1,3,9,7,8,4,6,5,2 120 0
661 235 61 8,6,4,1,7,5,3,2,9 192 0
662 235 81 4,6,7,2,5,3,1,9,8 17 0
663 236 63 2,1,4,7,6,3,8,5,9 0 0
664 236 69 1,2,3,4,5,6,7,8,9 0 0
665 236 79 2,3,1,4,6,7,8,5,9 169 0
666 238 13 1,2,3,4,5,8,7,6,9 0 0
667 238 28 1,7,2,4,5,6,3,8,9 64 0
668 238 55 4,3,1,5,2,9,6,7,8 7 0
669 238 72 1,5,2,4,3,7,6,9,8 22 0
670 238 79 1,4,7,5,3,2,6,9,8 201 0
671 239 40 1,4,2,3,6,5,8,9,7 6 0
672 239 45 1,3,4,5,6,9,2,7,8 2 0
673 239 51 2,1,4,5,3,6,7,8,9 3 0
674 239 61 3,1,5,2,4,8,6,7,9 6 0
675 239 72 1,3,2,5,7,4,6,8,9 6 0
676 239 81 6,1,4,5,3,2,7,8,9 129 0
677 240 8 2,1,3,4,5,6,7,8,9 3 0
678 240 30 1,8,4,5,3,2,6,7,9 99 0
679 240 52 1,6,4,3,5,2,7,9,8 99 0
680 240 72 1,2,4,3,6,5,9,7,8 3 0
681 241 30 6,2,1,7,5,4,3,9,8 98 0
682 241 65 1,2,3,5,7,4,8,6,9 0 0
683 241 82 1,3,2,5,6,7,4,8,9 6 0
684 242 76 4,1,6,3,2,5,9,7,8 0 0
685 244 6 2,6,4,7,8,9,3,5,1 20 0
686 244 54 4,2,3,1,7,9,5,6,8 54 0
687 244 80 1,2,3,5,9,7,4,6,8 1 0
688 245 37 1,3,2,8,5,4,6,7,9 6 0
689 245 55 1,2,4,3,6,5,7,8,9 3 0
690 245 81 1,3,2,5,4,6,8,9,7 7 0
691 246 53 1,2,3,4,5,6,8,9,7 0 0
692 247 67 1,3,5,7,2,4,6,8,9 3 0
693 247 71 8,1,7,6,4,3,2,5,9 129 0
694 247 81 7,1,4,5,3,6,8,2,9 129 0
695 248 36 1,2,3,4,6,7,5,8,9 0 0
696 248 75 1,4,6,3,2,5,7,8,9 105 0
697 248 78 3,4,1,5,2,6,7,8,9 104 0
698 249 81 2,6,5,4,1,3,7,8,9 32 0
699 251 41 1,6,3,4,9,7,5,2,8 39 0
700 251 74 2,3,1,5,4,6,9,8,7 57 0
701 252 69 1,4,3,2,5,7,8,6,9 0 0
702 253 30 1,2,3,4,5,6,7,8,9 0 0
703 253 45 1,3,2,5,7,9,4,6,8 7 0
704 254 50 2,1,5,3,4,6,8,7,9 3 0
705 254 66 3,4,5,1,2,8,9,7,6 208 0
706 255 51 2,3,6,1,4,5,7,8,9 18 0
707 256 40 4,2,1,7,3,5,8,6,9 252 0
708 256 81 4,2,1,5,3,7,6,8,9 252 0
709 257 35 2,3,6,5,4,7,1,9,8 239 0
710 258 73 2,1,5,6,3,8,9,4,7 1 0
711 259 43 2,5,4,6,7,3,1,9,8 57 0
712 259 51 2,5,4,1,7,3,6,9,8 59 0
713 259 69 2,1,4,3,5,8,6,7,9 0 0
714 259 77 7,5,4,1,2,6,8,3,9 123 0
715 260 36 2,6,1,3,4,5,8,7,9 6 0
716 260 55 3,2,7,1,4,5,8,6,9 4 0
717 260 80 1,4,5,2,3,9,7,6,8 0 0
718 261 6 1,5,2,4,3,7,6,8,9 16 0
719 261 75 3,1,4,6,2,5,9,8,7 6 0
720 263 19 4,3,1,9,8,2,5,7,6 7 0
721 263 53 1,3,2,5,4,9,8,6,7 7 0
722 265 75 4,2,1,3,9,6,7,8,5 211 0
723 266 41 3,1,4,6,7,5,2,9,8 2 0
724 266 69 3,2,4,5,1,8,6,9,7 54 0
725 266 73 1,3,2,5,8,6,4,9,7 7 0
726 266 78 1,2,7,3,5,6,4,9,8 3 0
727 267 68 1,3,2,4,8,6,7,5,9 6 0
728 267 78 1,2,6,3,4,7,5,8,9 3 0
729 268 65 1,2,5,3,6,4,7,9,8 3 0
730 269 51 5,2,4,3,1,8,7,9,6 19 0
731 270 46 3,1,6,2,4,5,8,7,9 7 0
732 270 70 1,4,5,6,7,8,9,3,2 95 0
733 270 83 4,3,2,1,6,5,8,7,9 15 0
734 272 17 1,6,3,4,2,8,5,9,7 48 0
735 272 77 7,1,4,2,5,6,3,8,9 66 0
736 274 49 9,1,2,3,4,8,6,5,7 232 0
737 274 53 9,2,1,3,4,5,7,8,6 235 0
738 274 69 8,1,2,9,5,3,4,7,6 104 0
739 275 15 3,5,1,9,7,6,2,8,4 9 0
740 276 50 2,1,5,6,8,7,9,3,4 3 0
741 277 17 6,1,3,4,5,7,2,8,9 50 0
742 277 24 1,3,7,6,2,8,9,4,5 205 0
743 277 58 4,5,7,1,2,6,8,9,3 83 0
744 277 66 1,5,2,4,7,6,8,9,3 18 0
745 277 80 1,3,2,8,4,6,7,5,9 201 0
746 278 9 7,1,2,6,4,3,5,9,8 1 0
747 278 63 4,1,2,5,6,8,7,9,3 191 0
748 278 68 4,1,5,8,7,3,2,9,6 183 0
749 278 71 2,3,1,6,7,5,4,9,8 226 0
750 279 55 2,1,6,3,7,4,5,9,8 0 0
751 280 18 1,4,5,7,2,3,8,9,6 0 0
752 280 53 2,6,4,5,3,1,7,9,8 65 0
753 282 66 1,2,3,4,6,5,7,8,9 0 0
754 282 79 1,3,4,2,5,8,6,7,9 67 0
755 284 19 6,1,2,4,3,7,5,9,8 104 0
756 284 30 2,3,1,4,6,5,8,7,9 6 0
757 284 43 3,1,4,9,2,6,5,8,7 105 0
758 284 51 2,3,1,4,9,5,6,7,8 6 0
759 284 62 2,1,3,5,4,8,6,9,7 1 0
760 284 74 3,2,1,4,5,8,6,7,9 0 0
761 285 17 7,2,4,5,8,3,1,6,9 244 0
762 285 47 1,5,3,4,2,6,8,7,9 150 0
763 285 62 1,2,3,5,7,4,6,8,9 1 0
764 286 42 9,1,2,5,7,4,3,6,8 134 0
765 287 52 1,4,5,6,2,8,3,7,9 207 0
766 287 59 1,2,3,5,8,7,4,6,9 1 0
767 287 75 1,6,5,4,2,3,7,8,9 48 0
768 287 82 7,2,4,3,1,6,5,8,9 130 0
769 288 52 1,2,7,3,4,8,6,5,9 3 0
770 288 69 4,1,2,3,5,8,6,7,9 207 0
771 288 72 1,2,3,4,7,5,6,8,9 0 0
772 289 74 2,1,5,6,7,8,3,4,9 2 0
773 289 78 1,3,4,5,2,9,7,6,8 2 0
774 290 76 2,1,4,3,7,6,8,5,9 0 0
775 291 18 1,4,5,2,3,8,7,9,6 62 0
776 291 65 2,3,1,4,6,7,8,5,9 249 0
777 292 76 1,2,5,6,3,4,7,9,8 0 0
778 293 40 3,1,2,6,4,8,5,9,7 172 0
779 293 45 2,1,3,4,7,8,5,9,6 3 0
780 293 78 1,3,2,4,5,6,8,7,9 169 0
781 294 59 2,1,3,7,5,4,6,8,9 3 0
782 295 72 1,2,3,4,6,7,5,8,9 0 0
783 296 35 4,3,9,7,6,5,1,2,8 156 0
784 297 42 8,2,4,3,6,1,7,5,9 207 0
785 297 61 1,2,3,4,5,6,7,8,9 0 0
786 298 69 1,2,3,6,5,4,7,8,9 1 0
787 299 62 1,5,2,4,8,3,6,7,9 109 0
788 299 64 5,1,2,4,3,8,6,7,9 131 0
789 299 76 1,3,4,6,7,2,5,9,8 105 0
790 299 82 3,1,2,4,6,8,9,5,7 108 0
791 300 40 1,2,4,5,6,3,9,8,7 2 0
792 300 72 2,8,5,3,4,6,1,9,7 61 0
793 301 75 3,1,2,4,8,5,9,6,7 3 0
794 301 78 4,5,6,1,7,3,2,8,9 15 0
795 302 75 2,7,1,8,4,3,6,5,9 129 0
796 303 16 1,2,9,4,5,6,7,8,3 0 0
797 303 76 5,2,1,6,3,9,4,7,8 189 0
798 303 79 1,3,4,2,6,8,7,5,9 140 0
799 306 19 1,2,5,4,7,3,9,6,8 3 0
800 306 54 2,1,3,6,5,4,7,9,8 1 0
801 308 44 3,2,1,5,4,6,7,8,9 64 0
802 309 51 3,4,7,6,1,2,5,9,8 35 0
803 309 75 1,4,6,5,7,8,9,2,3 23 0
804 310 54 4,1,2,3,5,7,9,8,6 48 0
805 311 53 4,6,3,2,7,1,5,9,8 40 0
806 311 75 4,9,3,2,5,1,8,6,7 200 0
807 312 40 1,3,9,5,2,6,8,4,7 137 0
808 312 51 3,4,9,2,6,1,5,7,8 128 0
809 313 50 3,2,4,1,5,8,6,7,9 41 0
810 313 76 1,3,2,6,4,5,8,7,9 12 0
811 314 73 2,5,1,6,7,3,4,8,9 43 0
812 316 55 6,5,1,2,4,3,7,8,9 48 0
813 316 64 3,1,2,7,4,5,6,9,8 19 0
814 316 69 4,5,8,2,1,3,7,6,9 11 0
815 316 71 3,4,1,5,2,6,8,9,7 31 0
816 316 79 3,1,2,4,6,5,9,7,8 19 0
817 317 27 1,2,4,6,9,7,5,3,8 2 0
818 317 66 9,1,2,4,3,6,5,7,8 151 0
819 319 66 1,3,2,8,6,4,5,7,9 13 0
820 320 83 1,3,2,7,4,5,6,9,8 72 0
821 322 32 3,5,6,2,4,1,8,7,9 12 0
822 322 46 1,2,7,3,5,6,4,9,8 1 0
823 322 60 1,2,3,4,5,7,6,8,9 0 0
824 322 83 1,2,6,7,4,3,8,5,9 2 0
825 323 49 4,2,1,6,5,7,8,3,9 84 0
826 323 65 1,2,5,6,7,3,4,8,9 0 0
827 324 79 4,2,5,6,1,7,3,9,8 246 0
828 327 53 3,1,5,6,4,9,2,8,7 6 0
829 328 76 1,6,7,3,5,2,4,8,9 86 0
830 329 15 2,1,5,8,7,9,3,4,6 3 0
831 329 20 1,4,5,6,2,3,9,7,8 70 0
832 329 29 9,1,5,7,2,8,3,6,4 95 0
833 329 44 4,1,7,2,3,5,6,8,9 70 0
834 329 46 1,6,5,3,4,7,2,8,9 128 0
835 329 63 9,1,3,7,6,2,4,8,5 95 0
836 329 66 1,2,3,4,8,7,6,5,9 0 0
837 329 73 3,1,5,2,4,6,7,9,8 70 0
838 329 79 1,4,3,2,5,9,6,7,8 79 0
839 330 16 4,2,3,8,7,9,6,5,1 67 0
840 330 24 3,5,1,2,6,4,9,8,7 99 0
841 330 28 2,4,1,3,6,5,7,8,9 73 0
842 330 48 3,2,1,6,5,4,7,8,9 18 0
843 330 67 9,1,2,4,5,8,3,7,6 55 0
844 331 9 2,3,1,7,5,8,9,4,6 249 0
845 331 11 8,1,5,2,7,3,4,6,9 129 0
846 331 34 1,6,2,4,5,7,3,9,8 217 0
847 331 56 2,1,3,4,6,5,7,9,8 252 0
848 331 70 5,1,7,4,2,3,6,9,8 192 0
849 331 74 4,1,2,5,6,7,3,8,9 216 0
850 332 43 9,1,2,8,4,7,5,6,3 23 0
851 333 37 3,1,4,2,9,8,7,6,5 6 0
852 333 43 1,3,4,2,6,8,7,5,9 3 0
853 333 55 1,2,8,3,4,5,6,7,9 3 0
854 333 67 2,1,5,3,4,9,7,6,8 0 0
855 333 70 2,1,5,6,7,4,9,3,8 0 0
856 333 75 1,2,9,3,4,5,6,7,8 2 0
857 333 80 3,2,4,7,1,5,6,9,8 223 0
858 334 49 1,9,2,3,5,8,4,6,7 230 0
859 334 75 1,2,3,5,6,9,8,4,7 0 0
860 334 76 9,5,1,3,2,7,8,4,6 3 0
861 334 79 3,4,5,6,2,1,9,7,8 0 0
862 335 65 1,2,4,3,5,6,7,8,9 3 0
863 337 51 9,5,8,2,6,1,7,3,4 179 0
864 337 53 1,5,3,2,8,6,7,9,4 163 0
865 339 33 1,3,9,5,6,4,2,8,7 216 0
866 339 50 3,2,8,4,5,1,6,7,9 79 0
867 340 33 5,1,3,6,7,4,2,8,9 49 0
868 340 40 2,1,5,6,9,7,4,8,3 2 0
869 340 65 4,1,2,3,5,6,7,8,9 15 0
870 341 52 2,7,1,6,4,5,8,9,3 67 0
871 341 81 1,3,4,7,2,5,6,9,8 6 0
872 342 76 3,1,5,2,8,6,7,4,9 6 0
873 344 83 1,8,4,7,5,2,3,9,6 167 0
874 345 31 5,4,1,9,8,7,3,6,2 25 0
875 345 42 2,5,1,3,4,6,8,7,9 144 0
876 345 45 5,3,2,1,7,4,6,9,8 9 0
877 345 53 3,4,7,2,5,1,6,8,9 28 0
878 345 78 2,3,5,4,6,8,9,1,7 9 0
879 346 55 1,6,2,3,4,5,8,7,9 7 0
880 346 62 1,2,7,5,3,4,8,6,9 2 0
881 346 70 5,2,3,8,1,4,7,9,6 47 0
882 346 74 1,2,3,6,5,7,9,8,4 1 0
883 346 78 4,6,5,1,2,7,3,9,8 15 0
884 347 53 1,2,3,4,5,6,7,8,9 0 0
885 347 60 1,3,4,5,2,6,8,7,9 50 0
886 347 61 4,2,1,3,5,8,6,7,9 195 0
887 347 75 2,3,6,4,5,1,8,7,9 54 0
888 347 82 3,1,2,8,6,9,7,4,5 51 0
889 348 65 2,1,3,5,4,9,7,8,6 1 0
890 348 76 1,5,4,2,8,6,7,3,9 3 0
891 348 77 7,3,1,8,2,4,5,9,6 255 0
892 348 78 1,4,3,8,5,6,9,7,2 62 0
893 349 43 1,6,3,4,2,5,7,9,8 38 0
894 349 55 2,8,1,9,5,6,3,7,4 208 0
895 350 48 2,3,4,1,5,9,8,7,6 16 0
896 350 52 1,6,3,5,4,2,9,8,7 39 0
897 351 73 4,2,5,6,1,7,8,3,9 3 0
898 353 25 2,1,6,3,4,5,7,8,9 0 0
899 353 47 1,5,3,4,2,9,8,6,7 86 0
900 353 54 8,1,2,9,5,3,6,4,7 40 0
901 353 70 1,9,2,3,5,6,8,7,4 86 0
902 353 76 9,1,2,8,5,3,6,4,7 87 0
903 353 80 2,1,3,4,7,5,9,8,6 3 0
904 354 44 2,1,3,9,6,8,4,5,7 3 0
905 354 55 1,8,2,3,6,9,4,7,5 78 0
906 354 69 1,9,2,4,8,3,6,5,7 206 0
907 354 74 9,1,2,8,3,4,6,7,5 48 0
908 354 79 1,3,2,7,5,6,4,9,8 66 0
909 355 9 2,3,1,6,4,9,8,7,5 4 0
910 355 24 1,2,4,3,5,6,9,7,8 3 0
911 355 63 1,2,4,3,5,6,7,9,8 3 0
912 355 74 1,2,4,3,5,7,6,9,8 3 0
913 356 17 3,7,1,2,4,5,6,8,9 2 0
914 356 29 1,5,2,7,3,4,9,6,8 17 0
915 356 54 1,3,4,7,6,9,8,2,5 227 0
916 357 31 2,4,3,5,9,8,7,1,6 147 0
917 358 17 4,1,3,6,5,8,9,2,7 9 0
918 360 41 6,4,7,1,2,3,5,9,8 44 0
919 360 71 5,1,7,3,2,4,6,9,8 18 0
920 360 75 1,4,3,5,6,2,9,7,8 0 0
921 361 55 2,1,6,4,3,8,7,5,9 3 0
922 361 58 1,2,3,4,5,6,7,9,8 0 0
923 361 79 1,3,2,5,4,6,7,9,8 7 0
924 362 64 2,1,3,4,8,7,5,6,9 3 0
925 364 50 1,2,3,4,6,5,7,8,9 0 0
926 364 59 2,6,5,1,7,3,4,9,8 9 0
927 365 24 1,3,5,6,2,7,4,8,9 227 0
928 366 25 1,8,2,9,3,4,5,6,7 217 0
929 368 83 9,1,5,8,4,7,2,6,3 94 0
930 369 41 1,2,3,4,8,5,9,6,7 0 0
931 370 50 3,8,7,1,9,6,2,5,4 6 0
932 371 62 3,2,6,1,5,7,9,8,4 57 0
933 372 32 1,2,4,8,9,3,5,7,6 1 0
934 372 66 1,2,3,4,7,8,6,9,5 0 0
935 373 65 3,6,2,1,7,4,5,8,9 253 0
936 374 52 3,1,4,5,2,8,9,6,7 227 0
937 374 82 6,2,1,3,8,9,4,7,5 89 0
938 379 19 3,1,5,7,2,4,8,9,6 3 0
939 379 75 1,3,4,2,8,7,5,9,6 3 0
940 382 68 3,2,4,5,8,1,6,7,9 95 0
941 387 17 3,1,4,8,7,2,9,5,6 25 0
942 387 33 1,4,2,9,3,7,5,6,8 9 0
943 387 39 1,2,3,4,5,8,9,7,6 0 0
944 387 47 4,9,2,3,1,5,7,6,8 4 0
945 387 76 4,1,3,6,7,9,2,8,5 9 0
946 387 78 1,2,3,8,6,4,5,7,9 2 0
947 388 18 1,3,4,2,8,5,9,6,7 3 0
948 388 61 8,3,2,4,5,6,1,7,9 112 0
949 388 66 2,1,5,3,8,4,7,6,9 1 0
950 388 75 1,5,2,7,3,4,6,8,9 152 0
951 388 78 4,2,1,3,8,6,7,5,9 3 0
952 389 37 5,6,3,7,2,1,4,9,8 57 0
953 389 72 2,1,6,4,3,5,7,8,9 2 0
954 390 73 1,4,3,5,9,2,8,6,7 48 0
955 392 64 2,7,5,4,3,1,8,6,9 93 0
956 392 69 2,3,1,5,8,7,6,4,9 15 0
957 392 71 5,1,2,3,4,8,7,6,9 22 0
958 392 78 6,2,3,4,5,1,7,8,9 95 0
959 393 54 4,2,5,1,7,3,6,8,9 9 0
960 393 59 2,3,4,1,6,7,8,5,9 175 0
961 394 50 2,1,9,7,5,3,4,8,6 1 0
962 400 41 2,3,1,4,6,7,8,5,9 249 0
963 400 65 3,2,1,6,7,4,8,5,9 255 0
964 401 55 1,4,3,7,2,6,5,9,8 136 0
965 401 83 1,7,4,3,5,2,8,9,6 201 0
966 410 19 2,8,1,9,3,4,5,6,7 130 0
967 410 62 1,3,4,6,7,5,2,8,9 7 0
968 411 22 7,1,6,4,2,5,9,8,3 66 0
969 412 52 1,3,2,5,7,6,4,9,8 7 0
970 413 41 1,3,4,5,7,2,8,9,6 3 0
971 415 40 3,1,2,5,4,7,6,8,9 252 0
972 417 39 1,3,2,7,4,6,9,5,8 7 0
973 420 17 3,2,5,1,7,6,9,8,4 57 0
974 420 38 3,4,2,1,6,5,7,8,9 99 0
975 420 47 3,2,4,5,9,7,1,8,6 59 0
976 420 54 2,4,3,5,6,7,1,9,8 49 0
977 420 78 2,7,3,4,5,1,9,6,8 0 0
978 421 1 9,1,2,6,5,3,8,7,4 136 0
979 421 17 3,4,6,7,5,2,1,9,8 11 0
980 421 22 1,3,6,2,8,4,5,9,7 2 0
981 421 30 2,1,3,8,9,4,7,5,6 3 0
982 421 48 2,1,3,9,8,4,7,5,6 3 0
983 421 54 5,8,1,2,9,3,4,6,7 32 0
984 421 65 5,1,9,8,2,3,4,7,6 22 0
985 421 74 9,1,4,2,8,6,5,3,7 137 0
986 421 76 1,6,4,3,2,8,9,5,7 23 0
987 421 79 1,3,5,4,6,2,7,8,9 2 0
988 422 1 1,2,8,6,7,5,3,4,9 11 0
989 422 12 1,7,9,2,8,3,4,5,6 19 0
990 422 27 1,2,6,3,7,5,4,8,9 0 0
991 422 40 5,1,8,3,7,2,9,6,4 2 0
992 422 52 2,1,9,8,4,3,5,6,7 0 0
993 422 64 1,9,8,2,3,5,4,6,7 8 0
994 422 74 1,3,2,8,9,5,4,7,6 118 0
995 422 82 1,5,2,4,6,7,9,8,3 18 0
996 423 5 4,1,5,7,9,8,2,6,3 0 0
997 423 17 1,2,4,7,5,8,3,6,9 3 0
998 423 25 6,7,2,5,3,1,8,4,9 68 0
999 423 39 3,2,6,5,9,4,7,1,8 6 0
1000 423 50 6,2,5,7,8,4,9,3,1 36 0
1001 423 66 1,3,6,2,4,5,7,8,9 19 0
1002 423 72 2,5,7,4,1,3,6,8,9 36 0
1003 424 12 2,3,4,5,9,8,7,1,6 0 0
1004 424 13 9,1,3,4,8,2,5,6,7 87 0
1005 424 26 2,4,6,8,9,5,1,3,7 147 0
1006 424 61 2,1,3,4,5,6,7,9,8 3 0
1007 424 77 1,2,3,5,6,8,4,9,7 0 0
1008 425 0 5,1,2,6,4,9,7,8,3 15 0
1009 425 19 2,1,8,7,6,9,3,4,5 2 0
1010 425 80 8,1,4,5,2,9,7,6,3 65 0
1011 426 71 4,1,2,9,6,7,3,5,8 177 0
1012 427 5 1,2,4,6,3,7,5,8,9 3 0
1013 427 73 2,1,6,3,4,8,7,5,9 0 0
1014 428 18 2,9,3,8,1,4,5,6,7 246 0
1015 428 30 1,2,3,4,7,5,6,8,9 0 0
1016 428 48 8,1,2,9,4,3,5,6,7 119 0
1017 428 54 4,3,1,2,9,7,6,5,8 12 0
1018 428 65 9,4,1,2,3,8,5,7,6 164 0
1019 428 70 3,9,1,5,2,6,4,8,7 247 0
1020 428 74 1,3,8,5,9,4,2,6,7 6 0
1021 428 79 2,3,4,1,6,5,7,8,9 0 0
1022 429 38 3,5,2,6,9,1,4,7,8 18 0
1023 429 62 2,4,7,3,8,5,9,1,6 1 0
1024 430 17 1,4,2,7,9,5,3,6,8 153 0
1025 430 33 2,1,3,8,4,5,6,9,7 3 0
1026 430 39 2,7,3,1,4,5,6,9,8 137 0
1027 431 15 1,5,6,9,8,4,7,3,2 8 0
1028 431 49 2,3,7,4,1,5,6,9,8 25 0
1029 431 68 3,1,6,4,2,7,5,8,9 29 0
1030 431 76 9,1,5,3,6,7,2,4,8 66 0
1031 432 34 2,3,1,4,8,5,6,7,9 6 0
1032 433 46 1,2,6,9,5,3,4,8,7 1 0
1033 433 82 1,8,3,9,2,6,7,4,5 226 0
1034 436 14 7,1,4,2,3,6,5,8,9 242 0
1035 436 19 4,1,9,2,3,8,7,6,5 9 0
1036 436 32 4,2,8,3,1,5,9,7,6 179 0
1037 436 43 2,3,4,1,5,9,8,7,6 0 0
1038 436 54 5,3,1,8,2,4,7,9,6 150 0
1039 436 57 1,4,2,5,8,3,6,9,7 8 0
1040 436 72 2,1,5,3,4,7,8,9,6 2 0
1041 436 75 2,5,1,9,4,7,3,8,6 147 0
1042 436 82 1,5,6,2,4,9,8,3,7 130 0
1043 437 48 2,1,3,4,5,9,8,6,7 3 0
1044 437 54 8,1,2,9,3,5,4,7,6 110 0
1045 437 65 2,1,3,8,9,4,5,6,7 2 0
1046 437 70 9,2,1,5,4,8,3,6,7 237 0
1047 437 76 9,1,2,8,3,5,4,7,6 17 0
1048 437 79 1,3,2,5,4,7,6,8,9 7 0
1049 438 12 1,4,2,7,6,3,5,8,9 137 0
1050 438 33 3,4,2,1,5,8,6,7,9 19 0
1051 438 52 1,6,5,3,4,7,2,8,9 22 0
1052 438 68 1,3,2,6,4,5,8,7,9 22 0
1053 438 82 1,6,3,7,2,5,9,4,8 54 0
1054 439 29 4,3,2,6,1,5,7,9,8 15 0
1055 439 33 3,1,5,2,7,4,6,8,9 7 0
1056 439 38 2,5,3,6,9,1,4,7,8 18 0
1057 439 65 2,3,5,6,7,8,9,1,4 79 0
1058 440 34 3,4,1,2,5,9,6,8,7 239 0
1059 440 52 1,2,3,8,4,5,6,7,9 0 0
1060 440 74 1,6,7,2,3,4,5,9,8 230 0
1061 441 71 1,4,2,8,6,5,3,9,7 8 0
1062 442 38 2,3,6,7,9,4,8,1,5 64 0
1063 444 8 1,2,3,5,4,6,7,8,9 0 0
1064 444 34 1,4,5,3,2,7,6,9,8 38 0
1065 444 48 3,2,1,4,5,6,9,7,8 128 0
1066 444 69 1,4,2,3,6,5,8,7,9 38 0
1067 444 73 1,2,4,7,3,5,6,8,9 1 0
1068 444 81 1,2,3,4,6,8,5,7,9 0 0
1069 445 15 2,3,1,4,5,7,6,9,8 6 0
1070 445 31 2,1,3,7,8,4,5,6,9 3 0
1071 445 44 1,3,2,5,6,4,7,8,9 134 0
1072 445 70 1,3,5,2,4,6,9,7,8 131 0
1073 445 74 1,4,5,2,6,7,3,9,8 96 0
1074 446 16 2,1,4,6,7,9,5,8,3 0 0
1075 446 54 2,4,3,1,6,7,5,8,9 3 0
1076 446 65 1,2,3,5,6,7,8,4,9 1 0
1077 447 12 1,3,7,4,8,6,2,5,9 73 0
1078 447 55 1,4,3,5,7,8,9,6,2 64 0
1079 447 70 5,3,4,7,1,2,6,9,8 63 0
1080 448 68 1,3,4,2,5,6,8,9,7 3 0
1081 448 74 2,1,6,3,9,4,5,8,7 0 0
1082 449 7 2,3,4,1,5,7,8,6,9 47 0
1083 451 68 2,8,3,1,4,9,5,7,6 107 0
1084 451 80 1,3,2,5,9,8,6,4,7 18 0
1085 452 27 1,2,3,4,5,6,7,8,9 0 0
1086 452 39 3,1,2,5,6,7,8,9,4 60 0
1087 452 49 2,1,3,6,4,5,8,7,9 3 0
1088 452 69 1,4,7,2,5,3,6,9,8 0 0
1089 452 72 1,2,3,6,7,8,9,4,5 0 0
1090 453 52 2,9,3,1,4,5,8,7,6 16 0
1091 454 64 2,4,1,7,8,6,3,5,9 9 0
1092 454 78 2,4,5,3,1,8,6,7,9 9 0
1093 455 60 1,2,4,7,3,8,9,5,6 2 0
1094 455 81 5,1,4,3,8,2,6,9,7 2 0
1095 457 25 1,7,4,9,3,5,2,6,8 1 0
1096 457 37 1,5,4,7,6,2,8,9,3 89 0
1097 457 48 1,2,5,4,3,6,7,8,9 0 0
1098 457 64 7,1,2,6,4,3,5,8,9 0 0
1099 457 74 3,1,2,4,5,6,7,9,8 92 0
1100 458 34 3,4,1,8,2,5,6,9,7 11 0
1101 459 50 1,3,4,5,6,9,7,2,8 2 0
1102 459 61 3,1,8,2,4,5,7,9,6 6 0
1103 459 81 3,1,4,7,2,6,5,8,9 6 0
1104 460 27 1,2,4,6,9,5,3,8,7 1 0
1105 461 24 4,1,3,2,7,9,5,6,8 73 0
1106 462 15 1,2,5,6,7,3,4,9,8 3 0
1107 462 28 1,7,5,2,4,6,3,8,9 93 0
1108 462 42 1,2,4,3,5,6,7,8,9 3 0
1109 462 58 1,2,3,4,6,9,5,7,8 0 0
1110 463 15 3,6,8,2,1,9,5,4,7 247 0
1111 463 48 3,4,1,2,8,5,6,9,7 223 0
1112 464 32 3,1,2,5,4,6,8,7,9 2 0
1113 466 55 2,1,3,4,5,6,8,7,9 3 0
1114 467 71 1,2,3,9,4,5,6,8,7 1 0
1115 470 46 1,2,7,6,4,8,9,3,5 3 0
1116 471 12 3,5,6,4,9,7,8,1,2 207 0
1117 471 13 1,4,6,9,2,3,5,7,8 185 0
1118 471 29 1,2,5,6,8,7,9,3,4 3 0
1119 471 42 1,8,4,5,3,2,6,7,9 16 0
1120 471 64 2,1,6,5,8,9,4,7,3 3 0
1121 471 66 4,1,6,3,2,5,9,7,8 153 0
1122 471 72 6,2,7,1,3,9,5,4,8 32 0
1123 471 76 2,1,6,7,5,4,3,8,9 1 0
1124 471 80 6,1,2,8,5,7,4,3,9 184 0
1125 472 15 1,2,5,8,4,7,9,3,6 3 0
1126 472 24 1,4,3,5,6,2,7,9,8 72 0
1127 472 37 1,3,2,4,5,6,7,9,8 134 0
1128 472 54 1,5,3,6,2,7,4,8,9 104 0
1129 472 57 1,2,4,3,8,6,7,9,5 3 0
1130 472 65 1,2,7,4,3,8,9,5,6 2 0
1131 472 76 1,5,2,6,3,7,4,9,8 105 0
1132 472 78 2,1,3,6,4,8,5,7,9 3 0
1133 472 82 1,6,2,5,7,9,3,8,4 105 0
1134 473 32 2,6,1,3,5,7,4,8,9 29 0
1135 473 43 3,1,2,5,8,9,6,4,7 8 0
1136 473 48 1,3,2,4,6,5,7,8,9 9 0
1137 473 50 1,2,7,3,9,5,4,8,6 0 0
1138 473 54 1,2,5,7,4,6,9,8,3 3 0
1139 473 64 2,1,5,3,4,8,9,6,7 3 0
1140 473 69 2,4,1,5,6,3,7,8,9 9 0
1141 473 71 1,2,7,4,9,5,6,8,3 0 0
1142 473 78 2,1,7,3,4,5,8,9,6 3 0
1143 474 34 1,2,6,5,4,3,9,7,8 3 0
1144 474 61 1,2,3,5,9,6,4,7,8 2 0
1145 474 67 2,7,3,4,5,1,8,6,9 156 0
1146 474 73 3,5,1,4,2,9,6,7,8 2 0
1147 474 75 3,7,1,5,2,6,4,9,8 87 0
1148 474 77 2,3,4,5,1,6,7,9,8 0 0
1149 475 21 8,9,7,3,4,5,6,2,1 131 0
1150 475 34 7,2,8,1,4,5,3,6,9 134 0
1151 475 35 3,2,1,4,5,7,6,8,9 128 0
1152 475 55 6,1,5,4,2,3,7,8,9 238 0
1153 475 74 2,5,1,7,8,9,3,4,6 238 0
1154 476 30 1,8,5,3,4,6,9,7,2 225 0
1155 476 48 4,7,3,1,2,5,8,6,9 233 0
1156 476 67 3,4,1,5,2,8,9,6,7 31 0
1157 477 58 2,1,3,4,5,7,6,9,8 3 0
1158 477 61 4,2,3,5,1,9,6,7,8 57 0
1159 477 82 5,2,1,3,4,6,7,9,8 35 0
1160 478 16 1,2,3,9,5,7,8,4,6 2 0
1161 478 70 2,1,9,6,3,8,5,4,7 3 0
1162 481 6 1,7,8,3,6,5,9,4,2 214 0
1163 481 24 2,8,1,7,4,3,9,6,5 150 0
1164 481 32 1,6,3,2,7,4,5,8,9 247 0
1165 481 39 7,4,8,1,3,2,5,6,9 150 0
1166 481 59 1,2,5,8,6,7,9,4,3 0 0
1167 481 67 4,6,1,2,9,7,3,5,8 214 0
1168 481 75 2,1,5,6,3,9,4,8,7 3 0
1169 481 81 4,5,1,3,6,2,9,7,8 12 0
1170 482 32 1,2,5,7,8,4,9,6,3 3 0
1171 482 33 1,2,5,7,4,8,9,6,3 3 0
1172 482 49 1,3,6,5,2,4,8,7,9 24 0
1173 482 51 1,3,4,2,6,7,5,8,9 28 0
1174 482 64 2,3,5,1,4,6,8,9,7 31 0
1175 482 67 5,2,3,7,9,1,4,6,8 25 0
1176 482 71 1,7,4,2,3,8,5,6,9 124 0
1177 482 79 3,4,1,8,5,2,6,9,7 16 0
1178 482 80 3,1,4,2,7,5,9,8,6 25 0
1179 483 39 2,1,7,4,3,8,5,6,9 1 0
1180 483 43 2,6,7,9,1,4,5,3,8 49 0
1181 483 46 5,2,1,6,4,3,8,7,9 1 0
1182 483 53 2,1,4,7,3,8,5,6,9 2 0
1183 483 58 4,5,1,3,2,8,6,7,9 159 0
1184 483 73 3,1,2,9,8,6,4,5,7 2 0
1185 484 30 9,1,3,4,2,6,7,8,5 145 0
1186 484 51 1,2,4,5,9,3,6,8,7 1 0
1187 484 71 1,3,5,4,8,6,2,9,7 6 0
1188 484 75 2,9,1,5,3,4,7,8,6 61 0
1189 485 33 1,9,3,6,5,2,7,8,4 168 0
1190 485 40 2,5,3,4,6,9,1,8,7 22 0
1191 485 65 3,9,5,4,1,2,6,8,7 168 0
1192 485 69 4,9,6,1,7,2,8,3,5 99 0
1193 486 49 2,1,7,3,5,6,9,4,8 0 0
1194 487 49 1,2,3,4,8,6,5,7,9 0 0
1195 487 66 3,1,5,2,7,8,4,9,6 6 0
1196 488 34 1,3,2,4,5,6,7,8,9 6 0
1197 488 65 1,3,4,8,6,7,2,5,9 7 0
1198 490 44 2,1,3,9,8,7,4,5,6 3 0
1199 490 55 1,8,2,3,9,6,4,7,5 62 0
1200 490 69 9,1,2,8,3,4,6,7,5 64 0
1201 490 74 1,9,2,4,8,5,3,7,6 190 0
1202 490 75 2,1,3,4,8,9,5,6,7 3 0
1203 490 79 1,3,2,6,5,7,4,9,8 50 0
1204 491 18 1,2,7,6,8,3,5,9,4 0 0
1205 491 31 3,2,1,8,4,5,6,9,7 159 0
1206 491 52 1,6,2,3,4,7,8,5,9 157 0
1207 491 68 1,3,6,8,5,2,4,7,9 152 0
1208 491 82 1,6,3,4,5,8,7,9,2 189 0
1209 492 19 3,2,6,9,5,4,1,7,8 137 0
1210 492 23 3,6,5,2,9,1,4,8,7 6 0
1211 492 48 4,3,2,1,9,6,5,8,7 15 0
1212 492 80 2,1,6,3,8,5,4,7,9 1 0
1213 493 23 3,5,2,8,9,4,7,6,1 107 0
1214 493 77 2,4,1,5,3,6,7,9,8 9 0
1215 494 33 2,3,8,1,4,5,6,9,7 159 0
1216 494 72 5,2,1,9,3,4,6,7,8 3 0
1217 495 77 1,7,2,3,5,6,4,8,9 55 0
1218 497 17 1,3,2,5,7,8,6,4,9 6 0
1219 497 22 6,4,5,7,1,2,3,8,9 126 0
1220 497 44 1,3,2,4,5,6,7,8,9 6 0
1221 497 47 1,2,3,6,4,5,7,8,9 0 0
1222 497 64 4,1,5,6,2,3,7,9,8 233 0
1223 498 14 2,5,7,8,1,6,4,3,9 16 0
1224 498 53 3,4,1,7,2,8,9,6,5 43 0
1225 498 58 1,2,3,4,8,5,6,7,9 0 0
1226 498 72 2,1,3,5,4,6,9,8,7 2 0
1227 499 42 3,2,1,8,5,6,7,9,4 2 0
1228 499 43 2,3,1,5,8,4,6,7,9 4 0
1229 500 39 4,1,5,2,3,7,8,9,6 137 0
1230 502 25 9,8,1,2,3,4,5,6,7 43 0
1231 502 65 8,2,9,3,5,1,7,4,6 246 0
1232 502 82 1,5,8,3,9,7,4,2,6 18 0
1233 503 45 1,2,3,4,5,7,6,8,9 0 0
1234 503 59 2,3,6,5,1,8,4,7,9 11 0
1235 504 53 4,6,2,1,8,5,3,7,9 43 0
1236 504 71 2,5,6,8,4,1,3,7,9 89 0
1237 505 75 2,5,1,7,4,6,3,9,8 27 0
1238 506 52 5,8,4,3,2,7,1,6,9 211 0
1239 506 58 4,5,7,6,2,8,1,9,3 121 0
1240 507 83 1,8,9,3,2,6,5,7,4 24 0
1241 508 27 1,2,3,4,6,8,5,7,9 0 0
1242 508 83 1,2,6,3,4,7,9,8,5 3 0
1243 511 3 2,4,1,5,6,3,7,8,9 45 0
1244 511 26 1,2,6,7,3,4,5,9,8 3 0
1245 511 40 3,2,4,1,5,8,6,7,9 41 0
1246 511 43 3,1,4,5,2,6,7,8,9 8 0
1247 511 55 1,6,2,7,3,4,5,8,9 210 0
1248 511 65 1,3,4,5,2,9,6,7,8 13 0
1249 511 73 5,2,4,3,1,6,7,8,9 66 0
1250 511 78 1,4,2,3,5,7,6,8,9 9 0
1251 512 49 8,1,2,9,5,3,6,4,7 67 0
1252 512 52 1,5,3,4,2,9,8,7,6 61 0
1253 512 64 3,1,2,5,4,7,8,9,6 40 0
1254 512 75 1,9,3,2,5,7,6,8,4 195 0
1255 512 76 9,1,2,8,5,3,6,4,7 60 0
1256 512 80 2,6,1,3,4,5,7,8,9 41 0
1257 513 17 1,2,5,3,4,7,6,9,8 1 0
1258 513 32 2,3,1,9,5,4,8,6,7 6 0
1259 513 46 1,2,6,3,9,4,5,7,8 3 0
1260 513 72 1,2,6,3,4,7,8,9,5 3 0
1261 513 82 1,2,6,8,3,7,4,9,5 3 0
1262 514 13 3,8,9,2,7,1,4,5,6 96 0
1263 514 29 4,2,3,1,9,7,8,5,6 9 0
1264 514 53 2,3,5,6,7,9,8,1,4 70 0
1265 514 65 2,5,1,3,7,9,6,8,4 25 0
1266 515 59 2,4,5,6,1,3,8,7,9 246 0
1267 515 75 2,1,8,4,5,6,3,7,9 3 0
1268 515 82 1,2,3,7,4,8,9,5,6 0 0
1269 516 77 1,7,3,6,4,5,9,2,8 61 0
1270 517 13 3,5,2,8,9,1,4,6,7 18 0
1271 519 25 2,3,5,1,6,8,4,7,9 73 0
1272 519 49 1,2,5,6,3,4,7,8,9 2 0
1273 519 55 6,1,2,5,3,8,7,4,9 49 0
1274 519 68 1,3,2,6,7,4,9,8,5 7 0
1275 519 75 2,6,4,3,1,5,7,8,9 48 0
1276 519 78 1,3,2,5,4,6,7,9,8 7 0
1277 520 61 2,1,7,5,4,8,3,6,9 1 0
1278 520 63 1,3,4,5,2,6,8,7,9 88 0
1279 520 76 5,1,8,7,9,4,6,2,3 88 0
1280 521 43 2,1,3,4,5,6,7,8,9 3 0
1281 521 53 4,1,7,6,2,3,5,8,9 96 0
1282 521 60 3,1,5,2,6,7,4,9,8 7 0
1283 521 73 3,4,1,2,5,7,6,9,8 144 0
1284 521 82 1,2,7,3,4,5,6,8,9 3 0
1285 522 65 1,2,3,5,4,7,6,9,8 1 0
1286 522 66 1,5,3,4,2,7,6,8,9 207 0
1287 522 79 2,4,1,5,6,3,7,8,9 11 0
1288 523 45 1,2,3,5,7,6,4,9,8 1 0
1289 523 79 2,1,6,3,4,5,7,9,8 1 0
1290 524 81 1,4,3,6,7,2,8,5,9 48 0
1291 526 24 1,2,4,3,5,6,7,8,9 3 0
1292 526 48 1,3,4,5,9,2,8,6,7 7 0
1293 526 52 1,3,2,4,8,5,9,6,7 6 0
1294 526 68 2,8,1,5,3,4,7,6,9 20 0
1295 526 83 1,3,8,7,2,6,4,5,9 3 0
1296 527 16 2,3,5,1,7,8,4,9,6 9 0
1297 527 75 4,5,6,1,9,8,2,7,3 15 0
1298 527 79 4,2,5,1,6,3,7,9,8 9 0
1299 528 71 1,2,3,4,8,6,7,5,9 0 0
1300 528 80 1,3,6,2,7,5,4,8,9 2 0
1301 529 61 3,1,2,4,5,7,6,8,9 67 0
1302 531 27 2,1,5,9,3,4,6,8,7 2 0
1303 531 49 6,4,1,7,5,2,8,3,9 134 0
1304 531 67 3,5,7,1,8,2,4,9,6 6 0
1305 531 74 1,2,3,7,6,4,5,9,8 2 0
1306 531 75 2,7,1,3,9,4,6,5,8 83 0
1307 532 17 2,4,3,1,5,7,6,9,8 51 0
1308 532 40 1,2,6,9,3,4,5,8,7 1 0
1309 532 55 1,3,9,4,2,5,8,6,7 34 0
1310 533 40 1,6,2,7,3,5,4,8,9 33 0
1311 534 54 2,1,5,3,4,7,8,9,6 0 0
1312 534 79 1,3,4,2,5,9,6,7,8 3 0
1313 536 18 2,4,5,6,9,3,1,8,7 99 0
1314 536 31 2,3,1,4,5,8,7,9,6 6 0
1315 536 82 1,3,2,5,6,4,8,9,7 12 0
1316 537 71 1,2,3,5,7,4,6,8,9 1 0
1317 537 75 1,2,3,5,4,9,7,6,8 1 0
1318 538 64 1,2,3,6,4,5,8,7,9 0 0
1319 540 60 1,2,6,4,5,3,7,8,9 3 0
1320 540 64 1,2,3,8,6,5,4,7,9 3 0
1321 540 66 3,2,4,1,5,6,8,7,9 214 0
1322 540 83 1,3,2,8,7,5,4,6,9 210 0
1323 541 82 1,2,6,3,4,5,7,8,9 3 0
1324 544 72 2,8,6,1,4,3,7,5,9 3 0
1325 545 21 3,2,1,5,4,6,7,9,8 0 0
1326 545 29 1,2,3,4,5,6,7,9,8 0 0
1327 545 41 2,7,1,6,9,3,5,4,8 67 0
1328 545 70 1,4,5,6,3,2,9,7,8 33 0
1329 545 71 1,3,2,4,6,5,7,8,9 6 0
1330 546 19 1,3,2,4,6,8,5,9,7 169 0
1331 546 38 2,4,1,3,5,7,6,8,9 137 0
1332 546 54 1,2,3,4,5,6,7,9,8 0 0
1333 546 64 2,1,5,4,7,3,9,6,8 3 0
1334 547 32 1,2,5,4,6,3,9,7,8 3 0
1335 547 53 1,4,5,2,3,8,6,7,9 7 0
1336 547 75 2,1,3,4,8,7,9,6,5 3 0
1337 548 14 1,3,4,6,2,5,7,8,9 105 0
1338 548 53 1,9,2,4,3,8,5,6,7 253 0
1339 549 43 1,3,7,8,2,4,5,6,9 70 0
1340 549 48 1,2,4,6,7,9,8,5,3 0 0
1341 549 70 1,9,2,3,4,7,6,8,5 126 0
1342 550 56 5,2,1,4,8,6,7,3,9 252 0
1343 551 12 2,5,4,9,7,1,8,3,6 17 0
1344 551 39 1,2,4,3,5,6,9,7,8 3 0
1345 551 72 3,1,2,5,6,8,9,7,4 3 0
1346 551 77 5,1,2,9,3,4,6,8,7 8 0
1347 552 38 2,4,1,5,3,7,9,8,6 11 0
1348 552 46 1,2,5,6,4,3,7,8,9 3 0
1349 552 76 4,7,1,2,6,5,3,8,9 17 0
1350 553 69 1,4,2,3,5,7,6,8,9 198 0
1351 553 78 1,2,3,4,8,5,6,7,9 0 0
1352 554 48 4,2,1,3,5,9,7,8,6 163 0
1353 555 31 2,4,1,7,3,6,8,5,9 11 0
1354 555 36 4,3,8,5,2,1,7,6,9 68 0
1355 555 69 5,1,2,6,4,3,9,7,8 120 0
1356 555 78 3,1,2,4,7,6,8,9,5 131 0
1357 556 27 4,3,5,6,8,2,1,9,7 0 0
1358 556 70 7,3,6,8,2,5,4,9,1 2 0
1359 561 62 1,2,4,3,5,6,7,8,9 3 0
1360 562 18 2,8,1,9,4,3,5,6,7 129 0
1361 562 62 1,3,4,6,5,2,7,8,9 41 0
1362 563 22 5,1,4,9,7,8,2,3,6 34 0
1363 563 83 1,4,7,3,6,2,5,9,8 73 0
1364 564 52 1,3,2,5,4,7,6,8,9 7 0
1365 564 82 1,2,6,3,7,4,5,8,9 3 0
1366 565 19 6,3,1,9,7,5,8,4,2 47 0
1367 565 47 1,2,8,4,5,6,7,3,9 0 0
1368 565 73 1,2,6,7,3,9,4,8,5 3 0
1369 565 81 1,2,3,5,4,7,6,9,8 3 0
1370 566 44 5,1,2,3,4,7,8,6,9 66 0
1371 566 60 1,3,2,6,5,4,7,8,9 243 0
1372 566 83 1,4,5,3,7,2,9,8,6 9 0
1373 567 6 2,4,1,5,3,9,8,7,6 9 0
1374 567 55 8,1,2,7,9,4,3,5,6 6 0
1375 567 67 1,2,8,3,4,6,5,9,7 3 0
1376 569 64 2,1,4,5,6,7,3,8,9 0 0
1377 569 74 2,3,1,5,8,6,4,7,9 15 0
1378 570 53 1,6,4,2,5,8,9,7,3 2 0
1379 570 67 1,3,2,6,5,7,8,4,9 179 0
1380 573 51 1,2,4,7,6,9,8,5,3 1 0
1381 573 82 6,1,3,2,5,8,7,4,9 32 0
1382 575 17 1,4,7,8,2,3,9,5,6 6 0
1383 575 48 2,3,1,9,4,5,7,6,8 118 0
1384 575 76 1,3,4,6,7,9,2,8,5 3 0
1385 576 57 1,8,3,4,5,6,7,2,9 121 0
1386 576 63 1,2,3,7,5,8,9,6,4 1 0
1387 576 76 2,6,7,1,4,3,5,8,9 143 0
1388 576 80 1,2,3,5,7,6,4,9,8 1 0
1389 577 74 4,5,2,1,3,6,7,8,9 255 0
1390 579 43 3,2,1,4,5,7,6,8,9 255 0
1391 580 42 1,3,7,2,5,8,4,9,6 2 0
1392 581 40 4,1,2,5,3,6,8,7,9 255 0
1393 582 61 9,1,2,3,7,8,6,5,4 104 0
1394 582 75 9,1,2,4,5,6,8,7,3 151 0
1395 582 77 5,1,8,2,3,4,6,7,9 23 0
1396 584 77 9,2,4,5,1,3,6,8,7 2 0
1397 586 65 9,2,4,3,1,7,8,6,5 222 0
1398 587 68 6,1,2,4,5,9,8,3,7 41 0
1399 588 25 5,7,3,4,6,2,1,8,9 188 0
1400 588 37 6,2,4,5,3,7,1,8,9 134 0
1401 588 49 3,1,5,6,4,2,7,8,9 201 0
1402 588 50 1,4,7,2,3,5,6,8,9 200 0
1403 588 62 6,1,4,3,5,7,2,9,8 237 0
1404 588 68 5,3,6,2,4,1,7,9,8 18 0
1405 588 72 1,2,3,4,6,7,5,8,9 0 0
1406 588 80 1,7,2,3,5,4,6,8,9 193 0
1407 589 8 1,6,7,9,2,8,3,4,5 63 0
1408 589 44 7,1,6,8,2,9,3,4,5 1 0
1409 589 46 1,6,9,2,7,3,8,5,4 30 0
1410 589 74 1,7,8,2,6,3,9,5,4 1 0
1411 590 33 2,3,4,1,5,9,8,7,6 208 0
1412 590 49 4,2,3,1,8,5,7,6,9 41 0
1413 590 65 4,1,2,3,5,6,7,9,8 47 0
1414 590 69 1,4,2,5,3,6,7,9,8 47 0
1415 591 44 4,1,2,5,3,6,8,7,9 33 0
1416 591 48 1,4,5,2,3,6,8,9,7 33 0
1417 591 69 3,2,4,5,8,7,1,9,6 6 0
1418 592 55 1,4,3,5,8,2,7,6,9 8 0
1419 592 75 3,4,1,6,7,2,5,8,9 136 0
1420 593 72 2,1,5,3,4,6,7,8,9 0 0
1421 595 9 2,3,1,6,4,9,8,5,7 6 0
1422 595 60 1,2,5,3,4,6,8,9,7 3 0
1423 595 70 1,2,4,5,3,9,6,7,8 0 0
1424 595 73 1,3,8,5,9,4,2,6,7 57 0
1425 596 63 2,6,5,4,1,3,9,7,8 2 0
1426 596 68 2,3,4,5,6,7,1,8,9 205 0
1427 596 71 4,1,2,5,6,7,3,9,8 160 0
1428 596 80 1,5,2,6,3,4,7,9,8 19 0
1429 597 66 3,1,5,2,7,6,9,4,8 6 0
1430 597 74 2,3,4,5,8,6,9,7,1 249 0
1431 597 81 1,2,3,7,4,8,5,6,9 0 0
1432 598 53 1,2,6,3,8,4,5,9,7 3 0
1433 598 76 9,1,2,6,8,4,3,7,5 16 0
1434 599 73 2,4,1,5,7,6,3,8,9 73 0
1435 601 71 9,1,3,2,4,8,6,7,5 87 0
1436 603 16 6,3,4,2,5,1,9,7,8 60 0
1437 603 75 3,4,6,5,2,1,7,9,8 207 0
1438 604 46 2,4,3,1,7,9,6,8,5 188 0
1439 605 29 1,4,2,5,8,3,7,6,9 142 0
1440 605 37 3,1,4,6,7,2,9,5,8 134 0
1441 605 49 2,4,1,5,6,8,3,7,9 142 0
1442 605 53 1,5,2,4,3,7,8,6,9 17 0
1443 605 63 3,7,4,1,8,6,5,2,9 52 0
1444 606 40 2,3,1,4,5,6,7,9,8 9 0
1445 606 75 3,2,1,5,4,6,8,7,9 9 0
1446 606 82 2,3,1,4,5,6,7,8,9 9 0
1447 607 18 2,1,6,5,4,8,7,3,9 2 0
1448 607 24 1,4,2,8,3,7,5,6,9 9 0
1449 607 81 1,2,3,4,6,9,5,8,7 0 0
1450 608 54 1,4,3,7,2,6,5,8,9 96 0
1451 608 80 2,3,5,1,4,7,6,9,8 2 0
1452 609 76 1,3,5,4,2,7,9,6,8 9 0
1453 609 79 1,4,2,3,7,5,6,9,8 9 0
1454 611 19 2,3,4,8,5,1,7,6,9 0 0
1455 611 46 1,4,6,3,2,5,8,7,9 1 0
1456 611 52 5,8,9,2,1,3,4,7,6 70 0
1457 611 57 3,2,1,4,7,5,8,6,9 0 0
1458 611 68 3,2,1,4,7,5,8,6,9 0 0
1459 612 6 1,4,3,2,5,6,7,8,9 0 0
1460 612 39 3,1,6,7,5,9,2,8,4 147 0
1461 612 66 7,6,1,5,2,3,9,8,4 246 0
1462 612 69 6,1,7,2,5,3,4,9,8 215 0
1463 613 48 4,5,2,1,3,6,8,7,9 32 0
1464 613 80 2,4,5,1,3,8,6,7,9 99 0
1465 614 60 2,1,3,7,4,6,8,5,9 3 0
1466 615 74 1,2,3,7,5,6,4,8,9 0 0
1467 616 31 1,2,3,4,6,5,8,7,9 0 0
1468 616 58 2,1,6,4,3,5,7,9,8 1 0
1469 616 65 1,2,3,4,5,7,8,6,9 0 0
1470 616 71 2,1,4,5,3,6,8,9,7 2 0
1471 616 82 2,1,4,3,6,5,8,7,9 0 0
1472 617 40 9,1,2,4,8,5,6,7,3 49 0
1473 617 58 1,3,2,5,4,6,7,8,9 7 0
1474 617 69 1,3,2,5,6,4,7,8,9 7 0
1475 617 71 2,1,4,3,6,5,8,7,9 0 0
1476 617 81 1,2,7,3,5,6,8,4,9 3 0
1477 618 59 3,2,1,6,4,7,5,8,9 16 0
1478 618 72 1,7,2,5,4,3,8,6,9 65 0
1479 618 79 3,5,1,7,4,6,8,2,9 22 0
1480 619 58 1,2,4,6,3,5,7,8,9 1 0
1481 619 71 2,1,4,5,3,6,7,8,9 0 0
1482 620 18 2,1,3,5,4,6,7,9,8 0 0
1483 620 78 1,6,7,9,8,4,3,2,5 246 0
1484 621 36 7,1,3,5,6,2,4,8,9 81 0
1485 622 30 1,2,4,3,6,8,7,5,9 3 0
1486 622 67 1,4,7,2,5,3,8,6,9 121 0
1487 623 50 1,2,4,3,5,6,7,8,9 3 0
1488 623 61 2,1,7,6,4,3,5,8,9 0 0
1489 624 54 5,3,1,7,4,2,6,9,8 173 0
1490 624 70 2,6,5,1,7,3,4,8,9 143 0
1491 625 3 1,2,6,3,4,7,8,9,5 3 0
1492 625 50 3,4,2,1,5,8,9,7,6 204 0
1493 625 74 1,2,3,5,6,4,7,9,8 0 0
1494 626 64 1,2,5,4,3,8,6,7,9 1 0
1495 626 67 1,3,2,4,5,6,7,8,9 105 0
1496 627 44 1,2,3,4,5,7,6,8,9 0 0
1497 628 61 1,2,3,4,6,5,7,8,9 0 0
1498 629 64 1,2,4,6,5,7,3,8,9 3 0
1499 630 45 1,3,4,2,5,7,8,6,9 3 0
1500 630 74 1,3,5,2,6,8,4,9,7 2 0
1501 631 32 1,5,3,4,2,6,7,8,9 80 0
1502 631 37 1,2,4,5,8,6,3,7,9 1 0
1503 631 83 2,1,4,3,9,6,5,7,8 0 0
1504 632 66 1,2,3,4,7,6,5,8,9 0 0
1505 632 74 1,3,5,2,8,4,6,7,9 2 0
1506 634 33 1,2,3,4,6,7,8,5,9 0 0
1507 634 80 1,2,6,5,3,7,4,9,8 0 0
1508 636 72 1,2,4,3,6,7,5,8,9 3 0
1509 637 51 1,3,2,7,4,8,5,6,9 54 0
1510 637 75 1,2,3,7,4,5,8,6,9 0 0
1511 638 29 2,3,8,6,4,9,1,5,7 0 0
1512 639 3 7,1,4,6,2,8,3,9,5 16 0
1513 639 48 1,2,5,7,8,4,3,6,9 3 0
1514 640 46 8,4,1,3,5,7,6,2,9 166 0
1515 640 70 5,3,4,7,2,1,6,9,8 13 0
1516 642 28 1,2,5,4,3,7,9,6,8 0 0
1517 642 67 1,2,3,4,7,6,5,8,9 0 0
1518 644 55 3,4,5,6,7,8,9,1,2 83 0
1519 644 67 1,3,6,4,2,5,8,7,9 22 0
1520 645 12 6,8,5,4,9,1,2,3,7 2 0
1521 646 74 1,8,2,4,5,3,9,6,7 150 0
1522 647 38 1,3,2,6,7,4,9,8,5 7 0
1523 648 55 1,4,5,6,7,8,9,3,2 89 0
1524 649 18 1,3,4,2,5,7,8,9,6 3 0
1525 649 37 1,4,2,3,5,6,9,8,7 105 0
1526 649 38 1,2,3,6,7,4,5,9,8 1 0
1527 649 61 3,7,2,4,6,5,1,8,9 244 0
1528 649 62 2,1,3,6,5,4,7,8,9 2 0
1529 649 72 4,2,7,1,3,5,6,9,8 11 0
1530 649 82 2,1,3,5,6,4,9,7,8 2 0
1531 650 16 1,3,4,2,7,8,5,9,6 51 0
1532 650 48 3,2,4,1,5,6,9,7,8 6 0
1533 650 83 1,7,4,3,6,2,8,9,5 201 0
1534 651 49 1,2,4,3,7,5,9,6,8 3 0
1535 651 74 3,2,1,8,6,5,7,4,9 255 0
1536 654 34 1,2,3,6,4,7,5,9,8 3 0
1537 654 42 2,1,3,6,5,4,8,7,9 0 0
1538 654 52 3,1,2,6,4,5,8,7,9 183 0
1539 654 59 1,4,7,3,2,5,6,9,8 0 0
1540 654 70 1,5,2,3,7,4,6,8,9 178 0
1541 654 72 1,4,2,3,5,6,7,8,9 246 0
1542 654 79 1,3,2,5,4,8,6,7,9 178 0
1543 655 65 2,3,1,6,7,5,4,8,9 15 0
1544 655 67 8,6,4,3,2,1,5,7,9 253 0
1545 655 73 2,4,1,5,6,8,3,7,9 11 0
1546 655 77 1,6,3,2,4,7,8,5,9 1 0
1547 656 12 3,1,2,5,4,9,8,6,7 3 0
1548 656 66 3,1,5,2,7,8,4,6,9 6 0
1549 656 74 2,3,1,4,5,8,6,7,9 249 0
1550 656 81 1,3,2,7,4,8,5,6,9 6 0
1551 660 43 6,4,2,7,3,9,1,8,5 9 0
1552 661 52 4,9,7,1,3,5,6,8,2 144 0
1553 661 66 2,3,5,1,6,7,9,8,4 63 0
1554 662 70 3,2,1,4,8,6,5,7,9 80 0
1555 663 64 1,2,4,3,5,7,6,8,9 3 0
1556 663 76 1,2,5,4,3,6,8,7,9 0 0
1557 666 55 1,3,4,5,2,8,6,7,9 7 0
1558 667 46 4,5,2,1,7,3,9,6,8 95 0
1559 668 49 4,1,5,2,3,8,7,6,9 8 0
1560 668 67 1,4,3,2,6,8,5,7,9 0 0
1561 668 79 3,2,1,4,7,5,6,8,9 0 0
1562 669 81 2,1,3,4,6,5,7,8,9 3 0
1563 670 65 3,1,5,2,4,6,7,9,8 249 0
1564 671 26 1,2,8,4,5,6,7,9,3 1 0
1565 671 55 2,5,1,6,4,7,8,3,9 16 0
1566 671 73 1,2,3,5,4,6,9,8,7 3 0
1567 672 12 1,2,3,4,9,6,5,7,8 0 0
1568 672 26 4,1,5,9,3,7,2,6,8 135 0
1569 672 55 2,1,8,4,3,5,7,6,9 3 0
1570 672 69 1,3,2,5,4,8,6,7,9 7 0
1571 672 83 3,1,7,2,5,4,8,6,9 7 0
1572 673 64 2,3,1,5,4,8,6,7,9 18 0
1573 673 80 3,2,1,6,4,5,7,8,9 18 0
1574 674 68 1,2,7,3,5,6,4,8,9 3 0
1575 674 80 2,1,4,3,5,6,7,8,9 0 0
1576 675 80 2,4,5,1,7,3,6,8,9 1 0
1577 677 19 1,3,2,5,7,8,4,6,9 6 0
1578 677 31 2,8,4,5,3,1,7,6,9 96 0
1579 677 52 2,6,1,3,4,5,7,9,8 96 0
1580 678 30 8,1,7,6,3,2,5,4,9 0 0
1581 678 42 1,3,4,7,5,2,9,8,6 237 0
1582 678 82 1,3,7,5,4,2,6,9,8 236 0
1583 679 55 1,2,3,4,6,5,7,9,8 0 0
1584 681 49 4,2,3,5,7,1,6,9,8 9 0
1585 681 77 7,1,3,4,2,5,8,6,9 1 0
1586 682 70 1,2,3,4,5,7,6,8,9 0 0
1587 682 83 1,3,2,5,4,8,6,7,9 7 0
1588 685 18 1,4,6,2,3,8,7,9,5 62 0
1589 685 51 2,4,6,5,8,7,9,1,3 51 0
1590 686 66 4,2,3,1,5,6,7,8,9 198 0
1591 686 74 1,2,3,5,4,9,6,7,8 0 0
1592 687 72 1,4,2,3,5,6,8,7,9 201 0
1593 688 53 1,2,3,6,7,5,4,8,9 0 0
1594 688 65 1,2,7,6,3,5,8,4,9 0 0
1595 689 52 1,2,4,3,6,5,7,8,9 3 0
1596 689 82 4,1,6,5,2,3,8,7,9 1 0
1597 691 29 3,1,2,5,4,6,8,9,7 200 0
1598 691 73 1,2,3,4,5,6,7,8,9 0 0
1599 699 19 1,3,5,2,8,4,7,9,6 3 0
1600 702 50 1,3,2,5,7,6,4,9,8 7 0
1601 703 16 1,2,3,4,7,6,9,5,8 0 0
1602 703 50 1,3,2,4,7,9,5,8,6 6 0
1603 703 81 1,2,3,4,7,5,8,9,6 0 0
1604 704 39 1,3,6,2,4,8,9,5,7 61 0
1605 704 67 3,5,4,2,1,7,9,8,6 199 0
1606 705 65 5,1,2,3,4,7,6,9,8 64 0
1607 705 83 4,5,1,7,3,2,8,6,9 188 0
1608 706 23 2,3,5,1,4,8,7,9,6 2 0
1609 706 52 5,2,6,4,7,1,8,3,9 172 0
1610 707 28 1,4,7,2,3,9,6,8,5 1 0
1611 707 76 1,3,2,4,8,9,6,5,7 6 0
1612 708 65 1,4,6,2,3,9,5,8,7 150 0
1613 709 51 7,1,2,6,3,5,4,9,8 118 0
1614 709 73 2,1,4,5,3,6,8,9,7 0 0
1615 711 68 1,2,3,5,6,8,7,4,9 0 0
1616 711 83 5,3,2,1,7,4,6,9,8 23 0
1617 713 67 2,5,3,1,8,6,4,7,9 84 0
1618 715 75 3,4,6,5,2,1,9,7,8 140 0
1619 716 75 1,5,6,4,3,2,7,9,8 0 0
1620 717 69 1,2,6,3,5,7,4,8,9 3 0
1621 718 28 3,4,2,8,9,6,7,5,1 11 0
1622 720 41 2,3,1,5,6,4,7,8,9 6 0
1623 723 40 1,3,2,6,7,4,5,9,8 7 0
1624 723 41 2,1,4,9,6,5,8,3,7 0 0
1625 723 68 2,1,4,3,5,6,7,8,9 0 0
1626 723 83 2,1,5,4,3,6,7,8,9 2 0
1627 724 46 2,1,5,4,9,3,7,6,8 3 0
1628 725 43 1,3,2,4,6,9,5,8,7 6 0
1629 727 46 1,3,2,6,4,5,8,7,9 6 0
1630 727 64 1,3,2,6,4,5,7,8,9 6 0
1631 729 55 1,4,5,6,7,8,9,3,2 217 0
1632 729 68 2,6,4,1,5,3,7,8,9 63 0
1633 731 3 3,1,2,7,8,6,4,5,9 152 0
1634 731 68 2,1,5,3,4,8,9,7,6 1 0
1635 731 83 5,1,3,2,7,4,6,9,8 16 0
1636 732 34 2,1,4,3,6,5,7,8,9 0 0
1637 732 53 1,9,2,8,3,4,6,5,7 150 0
1638 732 73 1,8,2,9,3,4,5,6,7 150 0
1639 734 26 3,4,2,1,7,8,5,9,6 44 0
1640 734 45 1,4,2,9,5,6,8,3,7 8 0
1641 736 70 5,3,8,1,2,4,6,7,9 54 0
1642 737 43 4,1,5,7,3,2,6,9,8 9 0
1643 737 62 2,3,1,8,6,7,4,5,9 47 0
1644 739 69 1,3,2,6,5,4,7,8,9 6 0
1645 740 70 2,1,3,4,5,8,9,6,7 3 0
1646 741 27 1,5,4,3,2,8,6,7,9 65 0
1647 741 56 5,4,6,2,8,1,7,3,9 59 0
1648 741 80 3,1,2,4,8,6,7,5,9 252 0
1649 742 23 1,3,9,5,4,6,7,8,2 39 0
1650 742 41 1,2,3,6,4,7,5,9,8 3 0
1651 742 55 1,2,6,3,4,5,7,8,9 0 0
1652 743 50 1,3,4,9,8,2,5,7,6 19 0
1653 743 63 6,5,1,4,9,2,3,7,8 46 0
1654 746 48 2,7,5,6,1,4,9,3,8 211 0
1655 747 81 1,2,3,4,8,6,7,9,5 0 0
1656 748 42 2,7,5,1,3,4,6,8,9 209 0
1657 748 79 2,1,3,9,7,8,6,5,4 1 0
1658 749 28 1,2,4,5,8,3,9,7,6 3 0
1659 751 69 1,2,3,4,5,7,8,9,6 0 0
1660 755 7 1,2,3,5,4,7,6,9,8 1 0
1661 755 10 3,2,4,5,1,9,7,6,8 41 0
1662 755 51 2,3,4,9,5,7,8,1,6 45 0
1663 756 31 2,4,5,3,1,6,9,7,8 1 0
1664 756 37 1,2,4,5,3,6,7,9,8 1 0
1665 756 80 2,1,4,5,3,7,6,8,9 2 0
1666 757 24 2,3,6,1,5,4,8,7,9 219 0
1667 757 81 1,2,4,3,5,6,8,9,7 3 0
1668 758 44 2,1,3,7,6,9,4,5,8 3 0
1669 759 81 1,3,4,6,2,5,7,8,9 2 0
1670 761 49 3,4,5,7,1,2,6,9,8 56 0
1671 762 56 2,3,7,1,5,6,8,4,9 68 0
1672 763 77 1,2,3,6,4,7,8,5,9 1 0
1673 765 50 8,1,3,4,2,6,5,7,9 226 0
1674 765 56 1,3,6,5,2,7,8,4,9 243 0
1675 765 69 2,3,4,8,1,6,5,7,9 240 0
1676 765 79 8,1,3,4,2,6,5,9,7 162 0
1677 766 81 2,5,6,1,7,3,4,8,9 3 0
1678 767 78 4,5,6,1,7,3,2,8,9 15 0
1679 769 9 2,6,3,1,7,8,5,9,4 16 0
1680 769 75 1,6,5,2,3,4,7,8,9 12 0
1681 772 66 2,3,1,7,5,4,8,9,6 15 0
1682 772 75 5,4,6,1,8,9,2,7,3 17 0
1683 773 63 1,2,5,3,8,4,7,9,6 2 0
1684 775 37 2,5,4,7,1,6,3,8,9 3 0
1685 775 62 2,1,4,6,3,7,5,8,9 2 0
1686 776 40 1,3,5,4,2,8,9,6,7 253 0
1687 778 14 3,1,5,8,9,2,4,6,7 56 0
1688 778 47 2,4,1,7,5,3,6,9,8 41 0
1689 779 45 2,1,4,3,7,9,6,5,8 0 0
1690 779 58 1,4,5,2,3,7,6,9,8 166 0
1691 781 76 1,2,6,3,9,7,8,4,5 3 0
1692 783 22 7,1,6,5,4,3,8,2,9 2 0
1693 783 80 1,4,2,3,5,9,7,6,8 9 0
1694 784 42 2,3,4,5,6,7,1,9,8 15 0
1695 787 10 2,3,4,1,5,9,8,6,7 239 0
1696 787 75 6,5,1,2,4,7,8,9,3 252 0
1697 787 83 5,1,7,4,2,8,9,3,6 253 0
1698 788 76 3,2,5,4,1,6,8,9,7 32 0
1699 791 55 1,4,5,6,7,8,9,3,2 64 0
1700 791 72 4,2,3,5,8,7,1,6,9 1 0
1701 793 28 4,1,3,2,6,8,9,5,7 9 0
1702 793 66 9,1,2,4,3,6,5,8,7 114 0
1703 794 74 4,1,2,3,6,5,8,7,9 159 0
1704 794 82 5,6,7,1,3,2,4,8,9 102 0
1705 796 32 2,3,5,4,1,8,6,9,7 66 0
1706 796 79 1,4,2,3,8,5,6,7,9 137 0
1707 797 70 3,7,5,4,2,1,6,8,9 93 0
1708 799 39 1,3,2,4,7,6,9,5,8 6 0
1709 801 19 1,2,3,5,6,4,7,8,9 0 0
1710 802 18 1,3,5,2,7,4,9,6,8 35 0
1711 802 52 1,2,5,4,7,3,6,9,8 0 0
1712 805 54 1,3,4,2,7,6,5,8,9 108 0
1713 807 50 2,3,1,4,6,8,5,7,9 249 0
1714 807 75 2,3,1,6,8,4,9,5,7 249 0
1715 808 69 2,3,4,8,6,1,5,7,9 160 0
1716 808 83 8,2,4,7,1,5,6,3,9 34 0
1717 809 83 1,4,7,2,3,6,5,9,8 73 0
1718 811 75 3,1,6,7,2,4,5,8,9 77 0
1719 812 62 2,3,4,1,5,6,8,9,7 15 0
1720 812 67 7,4,5,9,8,6,2,3,1 40 0
1721 812 73 2,1,3,5,8,6,4,9,7 0 0
1722 812 82 4,5,7,9,8,1,3,2,6 23 0
1723 813 39 1,5,2,6,3,4,7,8,9 17 0
1724 813 54 4,1,5,3,2,8,6,9,7 79 0
1725 814 68 5,4,7,6,8,1,2,9,3 1 0
1726 814 75 2,1,6,3,4,5,8,9,7 2 0
1727 815 50 1,3,2,6,4,5,8,7,9 7 0
1728 815 58 5,9,8,2,1,4,3,6,7 38 0
1729 817 7 1,2,3,4,5,7,9,8,6 0 0
1730 821 25 6,2,4,5,1,7,9,8,3 1 0
1731 821 65 1,2,8,4,5,6,7,3,9 0 0
1732 821 83 2,1,3,4,5,6,7,8,9 3 0
1733 822 51 1,2,4,6,3,7,5,8,9 3 0
1734 822 79 1,3,4,5,2,6,7,8,9 3 0
1735 823 82 6,4,1,3,2,7,8,9,5 25 0
1736 825 62 2,3,6,7,1,5,4,8,9 182 0
1737 827 75 2,1,5,8,3,4,9,6,7 3 0
1738 828 15 2,3,5,1,7,6,8,4,9 203 0
1739 830 4 3,1,6,2,8,4,9,7,5 214 0
1740 830 33 1,2,6,8,7,3,5,4,9 3 0
1741 830 34 1,2,3,6,7,4,5,8,9 0 0
1742 830 40 1,4,5,2,8,3,6,7,9 255 0
1743 830 43 3,5,1,4,2,8,7,9,6 255 0
1744 830 51 2,1,3,5,4,6,9,7,8 0 0
1745 830 59 2,1,3,5,4,9,6,7,8 0 0
1746 830 67 1,4,2,5,6,7,8,3,9 246 0
1747 830 73 1,7,2,3,5,8,4,9,6 82 0
1748 830 81 1,8,2,3,5,7,4,6,9 210 0
1749 831 16 3,7,6,5,2,8,9,4,1 18 0
1750 831 37 3,2,1,9,4,5,7,8,6 41 0
1751 831 44 5,2,1,3,4,9,6,7,8 2 0
1752 831 55 3,6,2,7,1,4,5,9,8 11 0
1753 831 77 1,2,3,4,5,6,7,8,9 0 0
1754 832 5 4,8,7,2,6,3,5,9,1 187 0
1755 832 23 2,3,5,7,9,8,6,4,1 6 0
1756 833 53 1,3,2,7,6,5,4,8,9 83 0
1757 833 64 6,2,5,1,3,4,7,8,9 33 0
1758 833 69 3,1,2,7,8,5,6,4,9 86 0
1759 833 72 1,2,3,8,4,5,7,9,6 0 0
1760 833 81 1,2,4,5,3,6,7,8,9 3 0
1761 834 69 3,4,1,2,7,5,6,9,8 255 0
1762 835 2 3,2,5,4,9,6,7,8,1 189 0
1763 835 30 1,2,3,4,5,6,7,8,9 0 0
1764 835 36 3,2,5,7,4,6,9,8,1 185 0
1765 836 68 3,1,2,4,8,5,7,6,9 35 0
1766 839 4 3,8,1,6,2,4,9,5,7 64 0
1767 839 23 3,2,1,4,6,8,9,7,5 111 0
1768 839 31 1,2,4,3,5,6,7,8,9 3 0
1769 839 43 1,3,2,8,9,5,7,4,6 109 0
1770 839 54 8,3,1,2,5,9,4,7,6 64 0
1771 839 73 1,8,9,4,5,3,2,6,7 109 0
1772 839 78 1,4,3,2,7,6,8,5,9 64 0
1773 840 15 1,3,2,6,9,7,8,4,5 249 0
1774 840 49 1,5,2,4,3,6,9,8,7 233 0
1775 840 56 1,4,5,2,6,3,8,7,9 224 0
1776 840 70 2,6,1,4,3,5,8,9,7 225 0
1777 840 80 1,4,3,2,8,5,6,9,7 224 0
1778 841 62 1,2,3,8,5,6,7,4,9 0 0
1779 844 21 1,2,7,4,5,6,3,9,8 1 0
1780 844 53 1,9,3,8,5,4,2,6,7 255 0
1781 844 58 2,4,8,1,3,5,6,7,9 97 0
1782 844 65 9,1,7,4,8,5,2,3,6 1 0
1783 844 75 4,1,3,2,5,9,8,7,6 70 0
1784 845 43 3,5,2,4,7,8,1,6,9 157 0
1785 845 48 2,6,4,3,5,1,7,8,9 84 0
1786 845 78 2,4,3,5,6,9,8,1,7 3 0
1787 846 36 2,3,8,4,1,6,5,7,9 6 0
1788 846 48 4,1,2,3,5,7,8,6,9 0 0
1789 847 49 6,7,2,1,4,3,5,8,9 224 0
1790 847 53 4,1,2,7,5,6,3,8,9 23 0
1791 848 40 2,9,8,4,1,3,5,7,6 4 0
1792 851 18 1,3,7,2,4,5,8,6,9 3 0
1793 851 44 2,4,1,3,9,7,8,6,5 9 0
1794 851 55 2,6,1,5,3,9,7,4,8 144 0
1795 851 75 5,1,2,3,6,7,4,8,9 129 0
1796 851 81 5,4,2,1,8,9,7,6,3 129 0
1797 852 34 1,4,3,5,2,6,9,8,7 0 0
1798 852 65 4,2,1,3,5,8,7,6,9 236 0
1799 852 68 2,3,7,5,4,1,9,6,8 0 0
1800 852 81 4,1,5,2,3,7,9,8,6 8 0
1801 852 83 1,5,2,3,6,8,7,9,4 19 0
1802 853 64 2,4,6,1,8,5,7,3,9 188 0
1803 853 72 2,1,6,7,3,9,4,5,8 3 0
1804 853 76 2,1,6,7,8,3,9,5,4 3 0
1805 853 82 1,2,3,9,5,4,6,7,8 0 0
1806 854 32 2,1,6,3,4,5,7,9,8 0 0
1807 854 70 1,3,2,4,5,7,8,6,9 86 0
1808 855 76 1,3,5,4,8,6,7,2,9 54 0
1809 856 64 4,2,8,1,7,5,6,3,9 76 0
1810 858 14 6,1,3,7,4,2,9,5,8 33 0
1811 858 63 1,3,4,6,2,5,9,8,7 83 0
1812 858 78 1,2,5,3,4,6,7,9,8 1 0
1813 859 32 5,3,4,2,1,8,7,9,6 22 0
1814 859 82 6,1,4,2,9,8,5,7,3 137 0
1815 862 70 1,2,3,4,6,5,7,8,9 0 0
1816 865 9 2,8,4,6,5,3,9,7,1 139 0
1817 865 52 2,4,8,3,1,5,6,9,7 1 0
1818 865 58 1,4,7,5,3,2,8,6,9 95 0
1819 865 77 2,8,4,1,3,6,5,7,9 137 0
1820 866 58 1,3,5,6,2,9,4,7,8 3 0
1821 867 66 2,3,1,7,8,4,6,5,9 73 0
1822 868 28 1,7,2,3,4,6,8,9,5 191 0
1823 874 15 2,7,6,3,1,4,5,9,8 6 0
1824 874 17 6,7,2,1,4,3,5,9,8 30 0
1825 874 24 7,2,3,6,4,1,5,8,9 14 0
1826 874 29 7,6,9,2,4,1,8,5,3 30 0
1827 874 38 2,7,8,9,1,3,5,6,4 6 0
1828 874 43 1,9,8,3,2,4,5,7,6 6 0
1829 874 62 9,1,3,8,2,4,5,6,7 22 0
1830 874 65 1,7,9,2,6,8,5,4,3 1 0
1831 875 32 2,1,4,3,8,5,9,6,7 0 0
1832 875 54 1,2,4,5,8,3,7,6,9 3 0
1833 875 65 3,1,4,5,2,7,9,8,6 66 0
1834 875 67 1,3,2,6,4,5,7,8,9 70 0
1835 875 74 4,1,2,5,3,7,8,6,9 95 0
1836 875 79 1,5,3,2,4,6,7,8,9 87 0
1837 876 44 4,2,3,1,6,5,7,9,8 9 0
1838 876 50 3,1,2,6,5,7,4,8,9 44 0
1839 876 70 1,2,5,6,3,7,9,4,8 0 0
1840 876 78 2,3,1,5,6,9,8,4,7 4 0
1841 876 79 1,3,2,9,8,7,4,5,6 44 0
1842 877 75 6,1,4,5,2,3,7,9,8 1 0
1843 877 77 1,4,2,3,5,9,6,7,8 57 0
1844 877 80 1,4,5,2,8,3,9,7,6 56 0
1845 879 66 6,1,3,4,8,7,9,2,5 220 0
1846 879 67 1,4,3,5,6,2,8,9,7 1 0
1847 879 81 1,4,3,2,6,5,7,9,8 0 0
1848 880 68 2,5,1,3,4,7,8,9,6 49 0
1849 880 72 4,6,3,2,1,8,5,9,7 185 0
1850 881 39 1,6,2,9,7,5,3,4,8 33 0
1851 881 55 5,3,1,2,8,4,6,7,9 203 0
1852 882 51 4,1,9,5,3,2,6,7,8 7 0
1853 882 66 1,3,2,8,4,6,5,7,9 6 0
1854 884 60 1,4,2,8,5,3,6,9,7 8 0
1855 884 61 1,4,2,3,5,8,6,9,7 9 0
1856 884 82 3,1,2,4,8,6,7,9,5 51 0
1857 885 76 2,1,9,7,8,3,4,6,5 3 0
1858 885 80 3,6,4,5,1,2,7,9,8 20 0
1859 886 76 3,2,4,1,8,6,5,9,7 166 0
1860 886 81 1,2,7,5,4,6,3,8,9 3 0
1861 887 73 2,1,3,6,4,7,5,8,9 2 0
1862 889 29 1,3,2,7,4,6,5,8,9 7 0
1863 889 45 3,2,5,1,7,9,8,6,4 240 0
1864 889 46 3,7,4,5,9,1,6,2,8 102 0
1865 889 76 2,1,4,3,8,5,9,7,6 0 0
1866 890 62 7,2,1,5,3,4,6,8,9 169 0
1867 890 65 2,1,5,3,6,7,4,8,9 1 0
1868 893 72 1,2,8,5,4,6,3,9,7 2 0
1869 895 51 4,5,1,6,9,2,3,8,7 132 0
1870 897 55 3,1,4,7,8,2,6,5,9 2 0
1871 898 40 2,1,9,8,6,4,3,5,7 0 0
1872 898 81 1,2,4,5,6,7,9,8,3 3 0
1873 899 33 2,1,4,3,5,9,6,8,7 0 0
1874 899 72 1,6,2,5,4,7,3,9,8 33 0
1875 899 82 1,2,6,7,8,3,4,5,9 2 0
1876 900 29 2,4,3,6,1,7,5,9,8 11 0
1877 900 38 3,7,2,6,9,1,4,5,8 2 0
1878 901 72 2,3,8,6,4,5,1,9,7 4 0
1879 902 38 3,2,5,6,9,4,8,1,7 201 0
1880 904 15 2,3,1,4,5,9,8,6,7 249 0
1881 904 29 1,4,5,2,3,6,7,9,8 152 0
1882 904 70 1,3,5,4,2,6,9,7,8 249 0
1883 904 74 1,4,5,2,6,3,7,9,8 152 0
1884 905 14 1,3,8,5,9,4,7,2,6 204 0
1885 905 34 1,6,3,2,4,7,5,8,9 2 0
1886 906 17 1,2,4,9,6,5,8,7,3 3 0
1887 907 7 2,3,5,4,7,8,9,1,6 191 0
1888 909 41 1,3,2,5,6,8,4,7,9 7 0
1889 909 49 1,3,8,2,5,4,6,9,7 2 0
1890 909 66 3,1,5,4,2,8,6,7,9 3 0
1891 910 27 1,2,3,4,5,6,8,7,9 0 0
1892 911 52 1,3,2,4,5,6,7,9,8 6 0
1893 911 81 2,1,5,4,9,3,8,7,6 3 0
1894 913 17 2,1,6,9,3,8,4,5,7 1 0
1895 913 46 1,3,2,4,6,5,9,7,8 198 0
1896 914 67 2,1,3,4,5,6,7,8,9 3 0
1897 917 80 2,9,4,8,3,1,6,5,7 147 0
1898 918 40 9,2,1,4,3,8,7,6,5 208 0
1899 918 52 2,1,3,4,6,5,7,8,9 3 0
1900 918 76 4,6,8,1,5,3,9,2,7 40 0
1901 919 40 3,1,2,4,5,7,6,8,9 252 0
1902 920 55 7,1,4,2,6,8,3,5,9 215 0
1903 921 62 3,1,2,4,5,7,8,6,9 12 0
1904 921 70 2,1,3,5,4,8,7,9,6 0 0
1905 922 52 1,3,2,6,5,4,8,7,9 6 0
1906 922 58 1,2,3,4,5,6,7,8,9 0 0
1907 923 79 1,2,3,6,4,8,5,7,9 1 0
1908 925 59 1,2,5,6,7,4,3,8,9 1 0
1909 927 54 1,2,3,6,5,4,7,8,9 0 0
1910 927 70 1,5,6,3,7,4,2,9,8 185 0
1911 930 45 1,7,8,2,6,3,4,9,5 3 0
1912 931 24 7,2,6,5,3,8,9,4,1 11 0
1913 935 83 1,7,5,4,3,2,8,9,6 247 0
1914 938 40 1,2,4,7,3,6,5,8,9 2 0
1915 941 15 9,1,2,3,5,6,4,8,7 88 0
1916 941 33 1,2,6,4,5,3,8,7,9 0 0
1917 941 59 1,7,3,6,8,2,5,4,9 65 0
1918 941 64 5,3,6,7,1,2,8,4,9 16 0
1919 941 67 8,2,7,6,5,4,3,1,9 0 0
1920 941 75 1,5,7,3,2,4,6,8,9 80 0
1921 941 79 3,2,8,1,6,5,7,4,9 130 0
1922 942 61 3,1,2,5,8,9,6,4,7 3 0
1923 942 81 4,2,5,7,3,1,6,8,9 17 0
1924 943 68 2,3,7,1,4,5,6,8,9 2 0
1925 943 83 8,4,1,3,9,7,2,6,5 230 0
1926 944 51 1,2,4,6,5,3,7,8,9 2 0
1927 944 58 5,3,1,6,2,4,7,8,9 12 0
1928 945 55 2,3,4,1,8,6,9,7,5 255 0
1929 947 22 5,2,3,6,1,4,7,9,8 70 0
1930 947 29 3,1,2,5,7,4,6,9,8 28 0
1931 947 50 2,7,8,1,4,9,6,3,5 6 0
1932 947 76 1,3,9,2,4,8,6,5,7 25 0
1933 952 44 2,1,5,6,7,8,9,3,4 0 0
1934 952 73 3,5,1,7,2,8,4,6,9 156 0
1935 954 70 1,5,3,6,2,9,7,8,4 253 0
1936 956 52 5,3,2,1,8,4,7,6,9 151 0
1937 960 40 3,1,2,4,5,8,9,6,7 83 0
1938 962 80 1,4,2,7,3,5,8,6,9 112 0
1939 962 83 3,1,4,7,8,2,5,6,9 249 0
1940 966 25 5,1,3,2,6,9,4,8,7 144 0
1941 966 47 1,3,7,5,4,2,6,9,8 3 0
1942 968 70 2,3,6,5,7,4,8,9,1 153 0
1943 972 51 1,2,3,6,4,5,8,9,7 1 0
1944 973 14 1,2,3,4,5,6,7,8,9 0 0
1945 973 25 1,5,4,7,8,9,6,3,2 6 0
1946 973 27 1,2,3,8,4,6,9,7,5 0 0
1947 973 43 1,2,4,7,3,5,6,8,9 0 0
1948 973 45 1,8,2,4,6,5,9,3,7 225 0
1949 973 50 1,6,3,4,2,8,9,5,7 224 0
1950 973 51 1,5,2,3,7,6,9,8,4 6 0
1951 973 62 4,1,2,6,5,8,7,3,9 233 0
1952 973 76 1,2,3,5,4,6,8,9,7 0 0
1953 973 80 1,4,9,2,3,5,6,8,7 224 0
1954 974 55 2,3,1,4,5,6,8,7,9 102 0
1955 974 63 1,6,3,4,2,7,5,8,9 66 0
1956 974 69 4,1,3,6,2,7,5,8,9 9 0
1957 974 77 1,5,2,4,3,8,6,7,9 9 0
1958 974 79 2,1,3,4,7,6,9,8,5 3 0
1959 975 42 2,3,6,1,4,7,5,8,9 0 0
1960 975 48 2,1,3,5,4,7,6,8,9 1 0
1961 975 64 1,8,4,2,3,6,7,5,9 237 0
1962 976 42 2,4,3,1,9,8,5,7,6 3 0
1963 976 77 1,2,6,4,5,7,3,8,9 0 0
1964 976 79 1,5,8,2,3,4,6,7,9 0 0
1965 977 21 2,1,5,3,9,7,8,6,4 1 0
1966 978 9 1,3,2,6,4,7,8,5,9 6 0
1967 978 30 5,1,2,4,6,7,8,9,3 103 0
1968 978 38 4,2,1,3,9,6,7,5,8 131 0
1969 978 39 1,3,8,5,9,2,7,6,4 7 0
1970 978 47 4,6,2,5,3,1,7,9,8 163 0
1971 978 54 1,2,3,4,6,8,9,5,7 0 0
1972 978 62 1,5,6,3,2,8,7,4,9 137 0
1973 978 67 3,2,6,1,5,4,9,8,7 70 0
1974 978 74 1,2,3,4,6,8,9,5,7 0 0
1975 978 77 1,4,5,9,8,2,3,6,7 9 0
1976 979 13 7,9,6,1,2,3,8,4,5 223 0
1977 979 40 7,6,3,1,2,9,8,4,5 66 0
1978 979 42 8,9,1,2,3,5,4,6,7 1 0
1979 979 58 6,1,7,8,9,2,3,4,5 87 0
1980 979 65 9,8,1,2,3,5,4,7,6 126 0
1981 979 77 7,1,6,2,3,5,4,8,9 67 0
1982 980 18 2,3,4,1,5,6,7,9,8 64 0
1983 980 42 2,1,3,6,9,4,7,8,5 3 0
1984 980 55 1,5,8,2,3,4,6,7,9 40 0
1985 980 57 1,4,5,6,2,7,3,9,8 8 0
1986 980 75 5,1,4,2,3,6,7,8,9 40 0
1987 980 79 3,1,2,6,4,5,8,9,7 67 0
1988 980 82 3,1,6,2,8,5,7,4,9 70 0
1989 981 9 8,3,2,6,4,7,5,9,1 2 0
1990 981 49 5,1,7,4,2,6,3,8,9 56 0
1991 981 53 4,1,2,5,6,3,9,8,7 32 0
1992 981 69 1,3,7,6,2,8,9,5,4 124 0
1993 982 9 2,3,8,4,6,9,7,5,1 2 0
1994 982 33 4,1,2,8,3,7,6,5,9 48 0
1995 982 54 4,1,2,3,5,6,8,7,9 48 0
1996 982 74 1,2,3,4,5,9,6,7,8 0 0
1997 983 17 3,7,1,2,5,6,8,4,9 196 0
1998 983 75 3,5,2,7,4,1,8,6,9 214 0
1999 983 81 2,3,7,4,8,9,6,5,1 196 0
2000 985 41 1,7,2,3,6,8,5,9,4 217 0
2001 986 33 1,2,4,3,8,6,5,7,9 3 0
2002 986 71 4,3,1,2,6,9,5,8,7 140 0
2003 988 17 1,4,3,7,2,6,9,5,8 184 0
2004 988 24 1,5,6,2,3,7,4,9,8 176 0
2005 988 28 9,2,1,5,4,3,6,7,8 0 0
2006 988 52 3,1,5,7,6,2,9,4,8 253 0
2007 988 61 1,6,2,9,8,4,5,3,7 161 0
2008 988 76 1,3,6,7,2,8,5,4,9 249 0
2009 988 81 1,7,2,3,6,5,4,9,8 249 0
2010 989 17 2,3,4,1,7,5,9,6,8 207 0
2011 989 22 2,3,4,1,6,5,7,8,9 143 0
2012 989 34 2,5,6,1,3,7,4,8,9 207 0
2013 989 39 1,3,4,2,5,7,9,6,8 204 0
2014 989 47 3,1,2,4,5,6,7,8,9 204 0
2015 989 64 1,2,8,9,4,6,7,3,5 3 0
2016 989 66 1,2,4,3,9,5,6,7,8 3 0
2017 990 44 2,1,3,9,8,7,4,5,6 3 0
2018 990 69 9,1,2,8,4,3,6,7,5 64 0
2019 990 75 2,1,4,3,8,9,5,6,7 0 0
2020 990 79 1,6,5,7,2,3,4,9,8 2 0
2021 992 40 2,3,7,5,1,9,8,6,4 18 0
2022 992 64 1,8,3,4,9,6,2,5,7 62 0
2023 993 37 1,9,3,6,7,8,4,2,5 105 0
2024 993 72 3,1,4,5,8,2,9,6,7 2 0
2025 994 65 1,2,4,6,5,3,7,9,8 3 0
2026 996 14 8,6,7,3,4,2,9,5,1 41 0
2027 996 29 3,4,1,7,2,5,6,9,8 127 0
2028 996 30 5,2,7,6,9,8,1,3,4 185 0
2029 996 42 1,2,6,8,4,9,3,7,5 1 0
2030 996 52 2,1,3,4,7,9,6,5,8 3 0
2031 996 59 4,8,3,5,9,6,1,7,2 255 0
2032 997 12 3,2,4,8,5,9,6,7,1 4 0
2033 997 13 2,1,9,4,8,7,6,5,3 1 0
2034 997 25 2,4,1,6,8,5,3,7,9 219 0
2035 997 60 3,1,2,4,5,6,7,9,8 3 0
2036 997 77 1,2,3,8,6,7,4,5,9 0 0
2037 998 31 1,2,3,6,4,5,7,8,9 1 0
2038 998 41 3,5,7,1,2,6,9,8,4 6 0
2039 998 52 1,2,3,4,5,9,7,8,6 0 0
2040 998 66 6,1,3,2,5,7,4,9,8 15 0
2041 999 27 4,7,1,2,3,6,8,5,9 6 0
2042 999 43 1,2,5,4,9,8,3,7,6 1 0
2043 999 83 3,1,2,4,5,9,8,6,7 99 0
2044 1000 24 2,3,4,1,6,5,7,9,8 0 0
2045 1000 71 8,1,2,9,3,6,4,5,7 40 0
2046 1001 74 4,1,2,5,6,7,3,9,8 32 0
2047 1003 6 1,4,8,3,7,5,2,6,9 137 0
2048 1003 49 8,4,1,5,2,3,6,9,7 203 0
2049 1003 53 4,1,5,7,9,2,3,8,6 129 0
2050 1003 79 1,6,2,3,4,5,7,9,8 169 0
2051 1004 2 3,2,6,4,7,5,8,9,1 187 0
2052 1005 29 7,1,6,3,4,2,5,9,8 41 0
2053 1005 42 1,8,2,9,5,3,4,6,7 237 0
2054 1006 78 2,1,3,5,8,9,6,4,7 3 0
2055 1006 79 3,2,4,1,8,9,7,5,6 6 0
2056 1008 7 1,3,8,4,9,2,7,5,6 2 0
2057 1008 49 1,5,2,3,8,4,6,7,9 24 0
2058 1008 72 2,7,3,1,8,5,9,4,6 84 0
2059 1012 3 9,1,2,3,5,8,6,4,7 112 0
2060 1012 70 1,2,4,5,3,8,7,6,9 0 0
2061 1012 79 1,3,2,5,7,6,9,8,4 6 0
2062 1013 70 9,1,2,3,8,5,4,6,7 200 0
2063 1014 3 1,4,2,3,6,8,7,9,5 8 0
2064 1014 67 2,3,5,7,6,4,1,9,8 22 0
2065 1014 74 2,1,3,6,5,4,7,9,8 1 0
2066 1015 49 2,1,5,3,4,9,7,6,8 0 0
2067 1015 53 8,2,1,9,3,4,7,6,5 116 0
2068 1015 65 1,2,3,8,6,9,4,5,7 0 0
2069 1015 76 9,1,2,3,6,8,7,4,5 8 0
2070 1015 79 2,3,1,7,4,5,6,8,9 6 0
2071 1016 13 3,1,4,7,2,8,6,5,9 2 0
2072 1016 71 2,4,1,3,5,6,7,8,9 9 0
2073 1017 16 3,2,8,5,9,1,4,7,6 15 0
2074 1017 41 1,2,5,3,4,6,9,8,7 2 0
2075 1017 54 8,2,1,5,3,7,4,9,6 111 0
2076 1017 63 2,1,4,5,8,3,6,7,9 2 0
2077 1018 16 1,2,4,9,5,6,7,8,3 3 0
2078 1019 35 1,6,7,5,8,2,4,3,9 169 0
2079 1020 6 2,6,7,4,3,1,8,5,9 98 0
2080 1022 17 3,1,4,2,7,8,5,9,6 230 0
2081 1022 82 6,1,4,7,3,2,8,9,5 2 0
2082 1023 83 9,1,3,4,8,7,2,6,5 161 0
2083 1024 18 1,2,3,8,5,6,7,4,9 0 0
2084 1024 39 1,9,2,5,3,8,4,6,7 221 0
2085 1024 58 4,1,2,3,8,5,6,9,7 80 0
2086 1025 7 1,3,6,9,7,5,8,2,4 3 0
2087 1027 6 7,1,2,6,4,3,5,8,9 159 0
2088 1027 48 1,2,5,4,3,6,7,8,9 0 0
2089 1028 51 3,2,4,7,1,5,6,8,9 50 0
2090 1028 52 2,3,8,1,6,4,5,7,9 50 0
2091 1029 61 3,2,1,5,8,9,4,6,7 0 0
2092 1032 43 3,1,2,9,8,4,7,6,5 3 0
2093 1034 16 3,8,5,4,2,7,6,1,9 111 0
2094 1034 54 3,1,2,5,4,8,9,6,7 2 0
2095 1034 59 2,7,4,5,3,8,9,1,6 35 0
2096 1034 63 2,3,4,8,5,1,9,7,6 237 0
2097 1035 6 2,1,4,6,5,3,7,8,9 2 0
2098 1035 25 4,1,2,9,5,3,6,7,8 86 0
2099 1035 47 2,3,1,4,5,9,8,7,6 22 0
2100 1035 54 1,3,6,4,5,2,9,8,7 22 0
2101 1035 70 1,3,4,5,2,6,8,7,9 19 0
2102 1035 73 3,1,4,2,6,5,8,9,7 22 0
2103 1035 76 9,5,3,6,1,2,4,7,8 196 0
2104 1036 15 1,2,7,4,6,3,5,8,9 3 0
2105 1036 29 5,1,2,4,3,6,7,8,9 216 0
2106 1036 47 3,4,1,6,2,7,5,9,8 195 0
2107 1036 51 2,6,4,1,5,3,9,7,8 255 0
2108 1036 55 2,7,6,3,1,8,4,5,9 195 0
2109 1036 73 6,2,1,5,3,7,4,9,8 255 0
2110 1037 14 3,4,1,5,2,7,9,6,8 8 0
2111 1037 29 2,4,1,7,3,5,8,6,9 12 0
2112 1037 45 1,5,2,8,4,3,7,6,9 89 0
2113 1037 49 1,6,3,5,2,4,8,7,9 2 0
2114 1037 76 8,7,3,4,1,9,6,2,5 211 0
2115 1038 37 1,3,4,2,6,5,9,8,7 3 0
2116 1038 54 1,2,5,3,4,7,6,9,8 3 0
2117 1039 54 1,4,2,7,3,5,6,8,9 31 0
2118 1039 79 1,3,4,2,6,5,7,9,8 3 0
2119 1039 80 4,1,3,2,8,5,7,6,9 22 0
2120 1040 49 1,3,4,2,6,7,5,9,8 67 0
2121 1040 83 3,2,1,8,9,6,4,5,7 64 0
2122 1043 19 1,3,2,4,7,6,5,8,9 246 0
2123 1043 32 2,3,5,4,1,6,9,8,7 6 0
2124 1043 49 1,5,2,4,6,3,7,9,8 19 0
2125 1043 75 1,2,6,3,7,4,5,9,8 1 0
2126 1043 82 6,1,2,5,3,4,7,8,9 50 0
2127 1044 7 2,3,4,1,5,7,8,9,6 47 0
2128 1044 33 3,1,2,4,6,5,9,7,8 3 0
2129 1044 69 4,3,2,1,7,5,6,9,8 15 0
2130 1044 80 2,3,5,6,7,9,8,4,1 41 0
2131 1045 27 1,2,6,3,7,4,5,8,9 1 0
2132 1045 81 1,4,5,2,3,6,7,9,8 88 0
2133 1046 30 1,3,4,5,7,9,6,2,8 7 0
2134 1047 7 2,6,3,5,1,4,7,8,9 2 0
2135 1049 8 8,4,7,2,1,6,3,5,9 108 0
2136 1049 34 1,3,7,6,2,4,5,8,9 130 0
2137 1049 48 1,5,2,4,6,7,3,9,8 246 0
2138 1049 68 1,2,3,5,4,6,7,8,9 0 0
2139 1049 81 1,4,5,2,8,3,6,7,9 255 0
2140 1050 45 5,4,7,3,6,2,8,9,1 0 0
2141 1050 71 1,6,7,3,2,5,4,9,8 3 0
2142 1050 76 1,4,3,5,6,9,2,7,8 9 0
2143 1051 55 4,1,6,8,7,3,2,9,5 0 0
2144 1051 60 1,2,4,3,5,7,6,8,9 3 0
2145 1051 78 2,1,3,4,5,6,7,9,8 3 0
2146 1052 61 4,1,2,3,8,6,5,7,9 0 0
2147 1054 62 3,6,4,1,8,2,5,7,9 23 0
2148 1055 46 3,4,1,7,9,5,2,6,8 11 0
2149 1056 27 1,3,4,7,9,2,6,8,5 227 0
2150 1056 82 6,1,5,7,2,8,9,3,4 2 0
2151 1058 67 3,4,1,6,2,7,8,5,9 48 0
2152 1058 77 4,1,3,8,2,5,6,7,9 41 0
2153 1062 83 9,1,5,8,2,7,6,4,3 86 0
2154 1063 27 1,2,3,4,5,6,7,8,9 0 0
2155 1063 33 1,3,2,9,7,6,8,4,5 6 0
2156 1063 70 1,6,2,5,8,4,3,9,7 39 0
2157 1063 73 1,2,7,4,5,6,3,8,9 2 0
2158 1063 80 1,2,6,5,9,4,7,8,3 1 0
2159 1064 72 4,2,3,5,1,8,7,6,9 1 0
2160 1064 79 2,1,4,5,6,3,7,9,8 0 0
2161 1065 15 3,2,1,6,9,4,5,7,8 255 0
2162 1065 50 2,3,8,4,1,6,5,7,9 251 0
2163 1065 75 1,2,4,3,5,6,7,9,8 3 0
2164 1066 76 3,1,5,4,2,7,6,8,9 28 0
2165 1067 63 1,2,5,3,8,4,6,7,9 1 0
2166 1067 82 2,1,3,4,7,5,8,6,9 3 0
2167 1069 30 1,2,3,6,9,4,5,7,8 0 0
2168 1069 48 5,3,1,4,6,2,7,8,9 123 0
2169 1069 54 1,2,3,8,4,5,6,9,7 0 0
2170 1069 65 2,1,3,5,6,7,4,9,8 3 0
2171 1070 34 1,2,3,4,5,6,7,8,9 0 0
2172 1071 53 1,2,3,4,6,5,7,8,9 0 0
2173 1071 65 1,2,4,5,3,6,9,7,8 3 0
2174 1071 76 1,5,6,2,3,4,7,8,9 199 0
2175 1074 32 1,2,5,9,8,4,7,3,6 2 0
2176 1074 54 1,3,4,2,5,6,9,8,7 3 0
2177 1075 48 4,3,5,7,8,6,9,1,2 0 0
2178 1075 72 3,1,4,5,7,2,6,8,9 3 0
2179 1077 18 1,4,6,7,2,8,5,3,9 9 0
2180 1077 51 1,2,6,7,8,3,9,4,5 0 0
2181 1077 82 3,1,2,8,4,7,6,9,5 9 0
2182 1078 53 1,9,3,2,4,5,8,7,6 16 0
2183 1080 79 1,4,5,6,2,7,3,9,8 9 0
2184 1082 44 1,4,3,7,5,8,2,6,9 142 0
2185 1083 17 4,1,2,3,7,5,8,9,6 111 0
2186 1083 76 1,3,5,7,9,6,2,4,8 38 0
2187 1084 46 1,2,6,5,3,4,7,9,8 2 0
2188 1084 81 5,1,4,3,2,8,9,6,7 2 0
2189 1085 39 3,1,5,2,6,7,8,9,4 57 0
2190 1085 63 1,2,5,3,4,7,6,8,9 3 0
2191 1085 69 1,4,2,5,7,3,6,9,8 9 0
2192 1086 29 1,3,6,5,8,4,2,9,7 231 0
2193 1086 47 2,1,4,3,5,6,8,7,9 0 0
2194 1086 76 2,6,3,5,4,9,8,7,1 194 0
2195 1086 81 4,2,1,5,6,8,3,9,7 27 0
2196 1087 65 1,5,2,4,8,3,6,9,7 81 0
2197 1088 40 1,2,3,5,4,7,6,8,9 3 0
2198 1089 75 1,8,2,9,7,4,6,3,5 129 0
2199 1090 83 1,7,2,3,6,4,5,8,9 66 0
2200 1091 76 6,1,5,3,2,7,4,9,8 105 0
2201 1093 55 1,8,3,9,2,6,5,4,7 129 0
2202 1093 73 1,8,2,3,9,4,5,7,6 129 0
2203 1095 19 2,1,7,8,4,3,6,9,5 1 0
2204 1095 79 1,5,3,2,8,4,6,7,9 55 0
2205 1096 28 1,2,3,4,6,8,5,7,9 0 0
2206 1096 40 1,5,9,3,4,2,6,7,8 47 0
2207 1096 70 6,8,1,2,3,4,5,9,7 175 0
2208 1096 78 4,5,1,3,2,7,6,8,9 62 0
2209 1097 64 7,1,2,6,4,3,5,8,9 0 0
2210 1097 74 1,5,2,3,6,7,4,8,9 77 0
2211 1098 62 3,4,1,6,5,2,7,8,9 243 0
2212 1100 73 3,1,2,6,5,4,7,9,8 3 0
2213 1101 12 2,1,9,6,3,4,7,8,5 1 0
2214 1102 47 1,2,3,7,5,6,4,8,9 1 0
2215 1104 70 1,2,3,4,6,5,7,8,9 0 0
2216 1106 18 1,5,3,2,4,9,6,7,8 118 0
2217 1106 46 1,8,2,3,4,5,7,6,9 129 0
2218 1106 58 1,2,3,4,5,7,6,8,9 0 0
2219 1107 40 1,2,4,5,3,6,9,7,8 3 0
2220 1108 39 1,2,3,4,5,6,8,7,9 0 0
2221 1108 43 1,3,5,6,7,8,9,2,4 2 0
2222 1108 60 1,2,4,6,3,9,8,5,7 0 0
2223 1110 46 2,1,4,3,8,5,9,7,6 0 0
2224 1111 31 2,1,4,7,9,6,8,5,3 2 0
2225 1112 47 2,1,6,4,5,3,8,7,9 3 0
2226 1114 66 1,2,5,6,7,9,8,3,4 2 0
2227 1115 69 2,1,4,8,3,9,6,5,7 3 0
2228 1116 4 9,7,4,2,1,8,6,3,5 41 0
2229 1116 14 2,3,9,8,5,7,6,1,4 22 0
2230 1116 18 6,4,1,9,7,2,3,8,5 1 0
2231 1116 29 3,7,2,6,9,4,8,5,1 84 0
2232 1116 40 4,5,3,1,2,8,7,9,6 8 0
2233 1116 43 4,3,5,1,8,2,9,6,7 92 0
2234 1116 70 5,3,2,1,4,6,7,8,9 220 0
2235 1116 72 4,2,7,1,8,9,3,5,6 41 0
2236 1116 77 1,3,9,6,8,4,2,7,5 19 0
2237 1117 33 1,5,3,4,7,2,9,8,6 168 0
2238 1117 40 5,2,3,8,1,6,7,9,4 4 0
2239 1117 44 3,4,1,8,5,2,6,7,9 8 0
2240 1117 51 1,3,7,2,9,8,6,5,4 3 0
2241 1117 57 2,3,1,6,5,4,8,7,9 6 0
2242 1117 60 3,7,5,1,8,4,6,9,2 252 0
2243 1117 75 2,7,3,1,9,6,5,4,8 84 0
2244 1118 6 1,5,4,3,7,9,6,2,8 7 0
2245 1118 23 1,4,2,9,3,7,5,8,6 169 0
2246 1118 31 2,1,4,6,7,9,3,5,8 2 0
2247 1118 33 2,1,4,3,7,5,6,9,8 0 0
2248 1118 52 2,1,3,4,8,5,9,7,6 3 0
2249 1118 67 1,2,3,4,7,6,9,5,8 0 0
2250 1118 75 4,1,2,6,9,7,8,5,3 233 0
2251 1118 79 3,1,6,2,4,8,5,7,9 6 0
2252 1119 13 4,2,3,5,1,8,6,9,7 33 0
2253 1119 58 7,2,4,1,3,6,8,5,9 66 0
2254 1119 65 9,1,2,4,6,7,3,8,5 71 0
2255 1119 71 3,1,4,7,2,5,6,9,8 2 0
2256 1119 82 9,3,7,1,2,4,5,8,6 68 0
2257 1119 83 6,3,1,2,7,4,8,5,9 3 0
2258 1120 12 2,1,3,7,4,9,6,5,8 3 0
2259 1120 34 1,2,3,5,4,8,9,7,6 0 0
2260 1120 47 1,2,3,6,8,4,5,9,7 1 0
2261 1121 37 1,2,3,5,7,4,6,8,9 0 0
2262 1121 54 1,2,4,5,3,7,6,9,8 0 0
2263 1121 71 3,2,5,9,1,6,8,4,7 70 0
2264 1122 82 1,3,2,4,6,9,7,8,5 22 0
2265 1123 60 1,2,3,7,4,9,5,6,8 0 0
2266 1123 82 3,1,2,8,5,4,9,6,7 2 0
2267 1125 15 1,3,2,4,6,7,5,9,8 201 0
2268 1125 17 1,2,3,7,5,8,9,4,6 0 0
2269 1125 24 2,1,4,8,7,3,5,6,9 1 0
2270 1125 28 1,2,3,5,6,4,7,8,9 3 0
2271 1125 39 2,1,7,4,8,3,5,6,9 3 0
2272 1125 43 1,2,3,5,4,7,9,6,8 3 0
2273 1125 50 1,2,4,5,6,7,8,9,3 3 0
2274 1125 62 1,2,5,6,8,3,4,9,7 2 0
2275 1125 74 2,1,7,4,3,9,6,5,8 3 0
2276 1125 76 1,2,6,7,3,8,4,9,5 0 0
2277 1125 82 1,2,5,6,8,3,4,7,9 2 0
2278 1126 36 1,2,3,5,6,9,7,4,8 0 0
2279 1126 74 1,4,2,3,5,7,9,6,8 25 0
2280 1126 81 1,5,4,2,3,6,8,7,9 1 0
2281 1126 82 1,3,2,6,5,4,7,9,8 156 0
2282 1127 35 1,4,6,9,7,2,3,8,5 185 0
2283 1127 75 5,1,2,7,6,3,9,4,8 128 0
2284 1127 82 2,6,1,5,7,9,3,8,4 145 0
2285 1128 57 1,8,4,5,7,6,3,2,9 121 0
2286 1128 69 1,2,3,5,4,7,9,6,8 0 0
2287 1128 72 1,6,2,3,7,5,4,8,9 105 0
2288 1128 80 1,4,2,5,6,3,9,7,8 8 0
2289 1128 81 1,3,4,8,6,7,9,5,2 249 0
2290 1129 42 1,2,5,4,6,3,7,9,8 2 0
2291 1129 49 1,6,2,5,7,8,3,4,9 102 0
2292 1129 55 1,5,6,2,3,7,4,8,9 0 0
2293 1129 79 1,2,7,4,3,5,6,8,9 0 0
2294 1130 31 1,2,5,9,6,3,4,8,7 2 0
2295 1130 76 1,9,3,2,7,8,6,4,5 241 0
2296 1131 79 3,5,1,2,6,4,7,9,8 125 0
2297 1134 44 1,4,2,3,5,8,9,6,7 25 0
2298 1134 47 6,3,5,4,1,2,8,7,9 2 0
2299 1134 49 3,1,5,2,7,6,9,8,4 89 0
2300 1134 51 3,4,1,2,5,7,8,9,6 16 0
2301 1134 65 1,4,2,5,6,7,9,8,3 16 0
2302 1134 68 3,1,2,6,5,7,9,8,4 89 0
2303 1134 72 2,1,5,7,3,4,8,6,9 1 0
2304 1134 77 1,6,4,3,5,7,2,8,9 92 0
2305 1135 18 1,2,3,9,4,5,6,8,7 0 0
2306 1135 54 1,2,3,4,8,6,7,9,5 0 0
2307 1135 63 6,3,4,9,5,7,8,1,2 91 0
2308 1136 50 1,2,7,4,3,9,5,6,8 1 0
2309 1136 55 8,3,6,7,5,4,9,2,1 54 0
2310 1136 67 2,1,3,4,8,5,6,9,7 3 0
2311 1136 71 1,2,3,4,8,5,7,9,6 0 0
2312 1136 79 2,1,3,4,7,9,6,8,5 3 0
2313 1137 19 1,5,6,2,8,3,4,7,9 3 0
2314 1137 42 1,3,2,4,6,7,5,8,9 150 0
2315 1137 75 1,6,7,2,3,4,5,9,8 104 0
2316 1138 23 1,2,3,4,5,6,7,8,9 0 0
2317 1138 34 3,1,5,2,8,9,4,6,7 237 0
2318 1138 51 1,4,2,3,5,6,7,8,9 73 0
2319 1138 73 1,8,2,3,4,9,6,5,7 201 0
2320 1139 9 2,1,4,3,7,5,6,8,9 0 0
2321 1139 30 1,2,9,3,4,5,6,7,8 0 0
2322 1139 54 1,2,4,5,6,9,7,3,8 0 0
2323 1139 72 2,6,1,7,4,3,5,9,8 189 0
2324 1140 77 3,9,4,7,6,1,2,5,8 252 0
2325 1141 42 9,4,3,1,2,6,8,5,7 244 0
2326 1143 22 6,1,2,7,3,8,5,9,4 8 0
2327 1143 34 1,7,2,8,4,3,6,9,5 185 0
2328 1143 39 1,3,2,4,5,8,6,7,9 6 0
2329 1143 55 6,1,2,5,3,4,7,8,9 8 0
2330 1143 71 2,4,5,6,1,7,3,8,9 198 0
2331 1144 17 2,8,3,4,9,7,6,5,1 179 0
2332 1144 44 1,4,6,2,3,8,5,7,9 1 0
2333 1144 52 1,2,3,5,4,8,6,7,9 2 0
2334 1144 62 2,4,1,3,7,5,6,8,9 185 0
2335 1145 58 3,5,4,1,9,2,6,7,8 89 0
2336 1145 63 2,3,5,1,4,6,8,7,9 105 0
2337 1145 76 1,4,3,5,2,6,8,9,7 80 0
2338 1146 68 1,2,4,5,6,3,7,8,9 1 0
2339 1147 79 1,4,5,7,2,6,3,8,9 7 0
2340 1148 75 3,5,1,4,2,7,8,9,6 15 0
2341 1149 6 6,8,9,7,1,2,3,5,4 3 0
2342 1149 21 7,6,1,9,8,2,3,5,4 22 0
2343 1149 32 1,3,7,6,9,2,8,5,4 119 0
2344 1149 40 9,8,7,6,1,2,4,3,5 126 0
2345 1149 77 8,9,6,7,4,1,2,5,3 127 0
2346 1151 55 7,5,3,1,2,4,8,6,9 209 0
2347 1152 74 3,1,7,2,5,4,8,9,6 217 0
2348 1154 17 5,4,1,2,3,8,7,6,9 89 0
2349 1154 76 1,2,4,5,3,6,8,9,7 1 0
2350 1155 81 1,3,4,7,2,6,5,9,8 243 0
2351 1157 47 1,3,4,2,5,7,6,8,9 163 0
2352 1157 83 1,5,2,3,4,6,7,8,9 81 0
2353 1158 76 4,1,3,5,9,7,8,2,6 217 0
2354 1162 31 1,7,6,5,4,3,9,2,8 17 0
2355 1162 48 4,6,3,1,9,2,5,8,7 121 0
2356 1162 50 3,2,5,1,6,4,8,7,9 25 0
2357 1162 78 3,9,2,1,7,4,5,8,6 2 0
2358 1163 28 1,2,4,3,8,9,7,5,6 3 0
2359 1163 48 3,1,8,2,4,6,5,9,7 217 0
2360 1163 50 2,1,4,3,7,5,6,8,9 0 0
2361 1163 72 5,1,2,9,3,7,4,6,8 8 0
2362 1163 74 1,5,9,6,8,7,4,3,2 25 0
2363 1164 42 1,2,3,4,6,5,9,7,8 0 0
2364 1164 48 1,5,2,6,3,8,4,7,9 18 0
2365 1164 60 1,2,6,4,5,3,9,7,8 3 0
2366 1164 66 1,2,4,7,5,8,3,9,6 3 0
2367 1164 75 1,2,4,7,3,5,6,9,8 3 0
2368 1164 83 1,2,6,7,3,4,5,9,8 3 0
2369 1165 31 1,2,3,4,6,7,8,5,9 0 0
2370 1165 60 1,3,2,7,4,6,8,5,9 156 0
2371 1165 71 1,6,2,7,4,3,5,8,9 34 0
2372 1165 73 2,1,4,5,6,7,9,8,3 0 0
2373 1165 82 1,2,6,8,3,4,9,5,7 0 0
2374 1166 25 3,5,8,1,2,7,6,4,9 3 0
2375 1166 27 6,4,3,5,2,1,7,8,9 63 0
2376 1166 32 2,3,1,5,4,7,6,8,9 249 0
2377 1166 41 7,8,9,3,6,5,1,2,4 0 0
2378 1167 49 3,4,1,7,2,5,6,8,9 27 0
2379 1167 81 1,5,8,2,6,3,4,7,9 2 0
2380 1170 8 1,4,6,2,5,3,7,9,8 16 0
2381 1170 23 1,4,5,6,2,3,7,8,9 89 0
2382 1170 34 9,1,4,5,6,2,8,3,7 217 0
2383 1170 43 1,2,8,9,5,3,6,7,4 3 0
2384 1170 51 3,2,4,1,9,8,6,5,7 38 0
2385 1170 73 2,9,3,1,5,8,4,7,6 219 0
2386 1170 75 1,9,5,6,3,2,8,4,7 38 0
2387 1171 14 1,4,2,5,6,8,9,7,3 41 0
2388 1171 23 1,2,6,9,3,4,5,8,7 3 0
2389 1171 34 1,9,2,8,3,4,6,7,5 233 0
2390 1171 47 8,1,9,3,2,4,6,7,5 233 0
2391 1171 51 3,2,4,1,9,8,5,7,6 22 0
2392 1171 73 2,9,3,1,8,7,4,6,5 235 0
2393 1171 76 9,1,8,5,6,7,3,2,4 232 0
2394 1172 54 1,2,3,4,6,8,7,5,9 0 0
2395 1172 60 2,5,1,4,3,6,9,7,8 19 0
2396 1172 64 2,4,5,8,9,1,6,3,7 25 0
2397 1172 72 2,1,6,3,4,5,7,9,8 1 0
2398 1172 76 2,1,7,6,3,4,8,5,9 2 0
2399 1172 77 1,2,7,3,8,4,6,5,9 3 0
2400 1173 65 2,3,1,4,7,6,5,8,9 6 0
2401 1173 66 1,3,2,5,6,7,4,8,9 70 0
2402 1173 72 2,4,1,7,3,5,9,6,8 9 0
2403 1173 78 2,3,1,8,5,9,7,4,6 6 0
2404 1173 79 2,1,3,9,6,4,5,8,7 3 0
2405 1174 45 3,1,2,7,9,6,8,4,5 3 0
2406 1174 54 1,2,3,4,5,8,9,6,7 0 0
2407 1174 80 2,1,4,3,7,9,5,8,6 0 0
2408 1175 19 6,4,1,7,2,3,9,8,5 140 0
2409 1175 64 3,1,7,9,2,5,6,8,4 3 0
2410 1175 75 3,7,1,2,4,6,5,9,8 32 0
2411 1176 68 5,1,3,2,4,7,6,8,9 147 0
2412 1176 70 3,1,9,4,8,6,5,2,7 211 0
2413 1179 34 1,3,8,2,4,9,6,7,5 2 0
2414 1179 62 2,4,1,6,5,8,9,7,3 51 0
2415 1180 38 1,5,6,2,3,9,8,7,4 67 0
2416 1180 40 4,2,1,8,9,5,7,6,3 84 0
2417 1180 55 2,6,8,1,7,4,3,5,9 252 0
2418 1180 56 1,2,7,3,4,5,6,8,9 255 0
2419 1180 68 1,3,2,6,5,4,7,9,8 86 0
2420 1181 54 2,1,3,4,8,6,7,5,9 3 0
2421 1181 67 1,2,5,3,7,4,6,9,8 1 0
2422 1182 62 2,1,3,6,7,4,5,9,8 0 0
2423 1182 65 1,5,2,3,6,7,8,9,4 231 0
2424 1182 68 1,3,4,2,5,7,6,8,9 227 0
2425 1185 24 1,2,3,5,6,4,8,7,9 3 0
2426 1185 54 2,4,1,5,6,9,3,8,7 105 0
2427 1185 71 5,1,9,2,3,4,7,6,8 189 0
2428 1186 62 4,1,9,5,6,8,3,7,2 8 0
2429 1186 65 1,4,2,5,3,6,7,8,9 8 0
2430 1189 63 3,2,5,1,6,4,7,8,9 4 0
2431 1189 69 4,7,1,2,3,6,9,8,5 233 0
2432 1189 79 3,5,2,4,6,1,7,8,9 22 0
2433 1190 14 2,3,1,5,6,4,7,8,9 185 0
2434 1190 19 4,2,5,6,1,9,3,8,7 147 0
2435 1194 55 1,2,3,5,4,6,7,8,9 0 0
2436 1194 66 3,1,2,5,8,7,4,9,6 3 0
2437 1195 60 4,1,2,3,6,5,7,8,9 255 0
2438 1196 18 1,2,3,8,7,6,4,5,9 1 0
2439 1196 65 2,1,4,8,5,6,7,3,9 2 0
2440 1198 48 1,3,4,5,2,7,9,8,6 121 0
2441 1198 70 1,3,4,2,5,9,6,8,7 124 0
2442 1199 8 1,6,3,8,9,4,7,2,5 72 0
2443 1199 34 1,3,4,7,8,6,9,2,5 147 0
2444 1199 54 1,5,3,2,7,4,6,9,8 2 0
2445 1199 81 3,2,1,8,6,5,9,4,7 2 0
2446 1200 77 3,4,1,2,5,6,7,9,8 15 0
2447 1201 27 1,2,4,9,6,7,5,8,3 3 0
2448 1202 18 2,3,4,1,5,8,6,7,9 192 0
2449 1202 67 2,1,3,4,7,5,8,6,9 3 0
2450 1204 3 1,5,2,6,9,8,3,7,4 17 0
2451 1204 18 1,4,2,3,5,6,8,9,7 134 0
2452 1204 44 1,3,4,5,2,6,7,8,9 130 0
2453 1204 69 1,6,2,7,9,3,5,4,8 174 0
2454 1205 50 4,1,7,6,3,2,5,8,9 9 0
2455 1205 59 9,3,5,4,7,2,8,6,1 66 0
2456 1206 55 4,1,3,8,2,9,5,7,6 1 0
2457 1206 60 1,2,4,3,5,7,6,8,9 3 0
2458 1206 72 2,1,5,6,7,3,4,9,8 0 0
2459 1207 64 3,1,2,4,8,6,7,9,5 3 0
2460 1209 55 1,2,4,7,3,6,5,9,8 3 0
2461 1209 64 6,7,1,2,3,9,8,4,5 127 0
2462 1209 69 2,7,1,6,3,8,4,5,9 221 0
2463 1210 51 1,2,5,7,3,4,6,8,9 0 0
2464 1210 54 2,1,3,4,5,8,6,7,9 3 0
2465 1210 82 6,1,3,7,2,8,4,9,5 1 0
2466 1211 50 1,2,3,4,6,5,7,8,9 0 0
2467 1212 29 5,3,4,2,9,1,8,6,7 226 0
2468 1213 65 2,3,1,5,8,6,4,7,9 4 0
2469 1214 64 1,5,8,2,9,4,3,6,7 249 0
2470 1215 77 6,1,8,2,4,5,3,9,7 54 0
2471 1216 40 2,1,4,5,3,7,9,6,8 3 0
2472 1218 6 7,1,9,5,3,6,2,4,8 119 0
2473 1218 31 1,2,3,5,4,8,6,7,9 1 0
2474 1218 48 1,3,2,4,5,8,6,7,9 6 0
2475 1218 52 3,4,1,7,2,6,5,8,9 24 0
2476 1218 60 1,2,4,3,8,5,9,7,6 3 0
2477 1219 37 1,2,3,4,5,7,6,8,9 0 0
2478 1219 50 1,2,3,6,5,4,7,8,9 1 0
2479 1219 73 2,1,3,7,4,6,5,8,9 3 0
2480 1220 46 2,8,9,1,4,3,6,7,5 68 0
2481 1220 63 1,3,6,5,4,7,8,9,2 2 0
2482 1221 68 5,4,2,1,3,6,7,9,8 102 0
2483 1222 12 1,3,4,8,2,5,9,6,7 35 0
2484 1223 25 3,8,9,4,2,1,7,5,6 247 0
2485 1223 55 3,8,1,2,6,7,4,5,9 247 0
2486 1223 57 1,2,8,5,4,3,9,7,6 3 0
2487 1223 77 3,9,4,8,1,2,5,6,7 114 0
2488 1224 26 1,2,3,6,5,4,7,8,9 0 0
2489 1224 29 2,1,5,3,7,6,8,9,4 1 0
2490 1225 37 1,2,3,5,4,6,7,9,8 1 0
2491 1225 63 2,1,4,3,9,6,7,8,5 0 0
2492 1226 73 1,2,7,5,3,4,6,9,8 2 0
2493 1227 65 4,2,1,5,9,7,3,8,6 131 0
2494 1228 9 4,1,2,3,5,9,7,6,8 255 0
2495 1229 24 1,7,3,5,4,6,2,8,9 8 0
2496 1230 35 3,7,1,5,2,9,6,4,8 228 0
2497 1231 57 5,7,6,1,4,2,3,8,9 41 0
2498 1232 65 5,4,1,6,8,3,2,7,9 95 0
2499 1233 59 1,2,3,5,7,8,4,6,9 1 0
2500 1234 76 3,1,5,4,6,9,8,2,7 3 0
2501 1235 80 2,3,1,5,6,8,4,7,9 15 0
2502 1236 70 2,6,1,5,3,8,4,9,7 146 0
2503 1238 65 1,2,3,6,8,5,7,4,9 0 0
2504 1239 80 1,4,9,2,7,5,8,3,6 48 0
2505 1241 52 1,2,3,4,5,6,7,8,9 0 0
2506 1241 82 1,2,3,8,5,6,4,9,7 2 0
2507 1243 17 1,2,4,7,8,3,5,6,9 3 0
2508 1243 25 3,1,2,5,7,6,4,8,9 55 0
2509 1243 48 1,4,3,2,6,5,7,8,9 127 0
2510 1243 54 3,1,2,5,7,4,8,6,9 55 0
2511 1243 60 2,1,3,8,4,6,9,7,5 3 0
2512 1243 76 1,4,2,5,3,7,8,6,9 118 0
2513 1244 44 1,3,2,7,4,6,5,9,8 182 0
2514 1244 55 1,5,6,2,3,4,7,8,9 51 0
2515 1244 61 1,2,3,5,6,4,7,8,9 2 0
2516 1244 75 1,5,6,3,2,4,7,9,8 51 0
2517 1244 78 1,6,2,4,3,5,7,8,9 34 0
2518 1245 55 1,4,2,3,5,7,6,8,9 73 0
2519 1245 64 1,2,4,5,3,6,9,7,8 2 0
2520 1245 67 3,4,1,5,2,8,7,6,9 72 0
2521 1245 77 5,1,2,3,6,4,7,8,9 55 0
2522 1246 55 1,6,2,4,3,8,5,7,9 35 0
2523 1246 61 1,2,3,5,9,6,7,4,8 2 0
2524 1246 71 4,5,3,2,1,6,7,8,9 92 0
2525 1246 81 3,1,2,8,4,5,9,7,6 51 0
2526 1247 51 2,1,5,4,3,6,8,7,9 3 0
2527 1247 65 7,3,1,2,4,6,5,8,9 196 0
2528 1247 76 1,5,6,2,7,3,4,9,8 252 0
2529 1247 79 1,6,4,2,3,5,8,7,9 236 0
2530 1248 46 4,5,1,2,7,3,9,6,8 135 0
2531 1248 70 1,2,3,7,8,6,4,5,9 1 0
2532 1249 78 1,2,3,5,7,6,4,8,9 1 0
2533 1251 19 2,5,3,9,8,7,4,1,6 11 0
2534 1251 38 3,7,2,6,9,1,4,5,8 59 0
2535 1251 65 2,4,3,6,1,9,7,5,8 11 0
2536 1251 66 2,4,5,3,8,1,6,7,9 1 0
2537 1251 74 2,3,5,6,8,9,7,1,4 249 0
2538 1252 82 1,2,6,8,4,5,7,3,9 2 0
2539 1253 40 1,4,2,5,6,3,7,9,8 143 0
2540 1253 82 1,2,3,7,4,8,9,5,6 0 0
2541 1255 38 3,7,2,5,6,1,4,8,9 50 0
2542 1257 27 4,2,3,1,6,8,9,5,7 9 0
2543 1257 46 1,2,7,4,5,6,9,3,8 2 0
2544 1257 83 1,2,6,7,3,4,5,8,9 1 0
2545 1258 53 1,3,4,5,6,7,2,8,9 7 0
2546 1258 59 3,6,1,8,2,7,4,5,9 60 0
2547 1259 42 1,2,3,4,6,8,9,5,7 0 0
2548 1260 52 1,3,2,5,4,6,7,9,8 7 0
2549 1260 82 2,1,6,4,3,8,7,5,9 3 0
2550 1262 27 1,4,3,7,6,2,8,5,9 246 0
2551 1262 52 3,1,5,8,2,4,6,9,7 2 0
2552 1262 54 3,1,5,2,7,4,6,9,8 7 0
2553 1262 82 6,2,1,8,7,3,9,4,5 240 0
2554 1264 68 8,2,1,6,3,9,4,5,7 16 0
2555 1265 60 2,5,6,3,7,4,8,1,9 198 0
2556 1266 62 3,5,6,1,8,7,9,4,2 184 0
2557 1266 67 5,1,2,6,4,8,7,3,9 252 0
2558 1266 74 1,2,7,3,8,5,4,6,9 3 0
2559 1266 79 1,2,7,3,4,5,8,6,9 3 0
2560 1267 68 1,2,3,4,7,8,5,6,9 0 0
2561 1270 82 6,4,1,7,5,9,2,8,3 25 0
2562 1271 18 1,3,2,5,4,7,6,8,9 205 0
2563 1271 39 1,2,7,4,5,6,3,9,8 3 0
2564 1271 49 1,5,3,2,4,6,7,8,9 220 0
2565 1271 50 2,3,5,7,9,4,1,8,6 203 0
2566 1271 63 2,1,5,4,9,7,8,3,6 3 0
2567 1271 66 2,3,1,4,5,9,7,6,8 201 0
2568 1271 79 1,2,5,3,4,7,6,9,8 0 0
2569 1272 48 3,2,1,4,5,7,6,8,9 0 0
2570 1272 65 1,4,7,5,2,3,8,6,9 7 0
2571 1272 73 2,4,6,5,1,3,7,8,9 14 0
2572 1272 78 1,3,5,4,6,7,2,8,9 6 0
2573 1273 62 2,4,3,5,1,7,6,8,9 3 0
2574 1273 68 2,1,4,5,3,7,6,8,9 0 0
2575 1273 74 1,3,2,8,5,4,6,7,9 7 0
2576 1274 52 1,2,5,9,6,4,3,8,7 2 0
2577 1274 75 3,4,6,2,1,8,5,9,7 240 0
2578 1275 77 2,5,1,4,3,6,7,9,8 18 0
2579 1277 54 1,2,8,3,4,5,7,6,9 3 0
2580 1277 59 1,2,3,6,7,4,5,8,9 0 0
2581 1277 79 4,1,2,3,6,7,9,8,5 15 0
2582 1278 82 1,2,3,4,6,7,5,9,8 0 0
2583 1280 37 1,4,2,5,7,3,6,8,9 105 0
2584 1280 41 2,4,3,6,5,1,7,8,9 97 0
2585 1280 53 4,2,7,6,1,3,5,8,9 99 0
2586 1280 59 3,6,2,5,1,7,4,9,8 32 0
2587 1280 73 3,4,1,2,7,5,6,9,8 159 0
2588 1280 82 1,2,7,3,4,5,6,8,9 3 0
2589 1281 62 4,3,2,6,1,5,7,8,9 64 0
2590 1281 68 1,2,4,5,6,7,3,9,8 2 0
2591 1281 80 3,2,5,1,6,7,4,9,8 4 0
2592 1282 23 1,2,3,4,5,6,7,9,8 0 0
2593 1282 45 1,2,5,3,7,6,4,9,8 3 0
2594 1282 81 6,2,4,1,3,5,7,8,9 27 0
2595 1283 83 2,3,4,1,5,6,7,8,9 143 0
2596 1285 50 3,1,4,2,6,9,5,7,8 38 0
2597 1285 79 2,5,1,7,6,4,3,8,9 18 0
2598 1286 79 2,4,5,1,3,7,6,8,9 252 0
2599 1287 47 1,2,3,4,5,7,6,9,8 0 0
2600 1288 76 1,2,6,3,9,5,4,7,8 3 0
2601 1288 79 2,4,1,6,5,3,7,8,9 137 0
2602 1290 55 2,1,7,6,9,3,4,8,5 2 0
2603 1291 12 1,2,3,4,5,7,6,9,8 0 0
2604 1291 47 1,3,6,2,4,9,5,7,8 3 0
2605 1291 53 1,4,2,3,8,9,5,6,7 9 0
2606 1291 69 2,8,1,3,5,4,9,7,6 153 0
2607 1291 72 1,2,8,7,3,4,5,6,9 3 0
2608 1291 83 2,1,7,9,8,4,3,6,5 0 0
2609 1292 42 1,4,6,9,7,2,3,5,8 47 0
2610 1292 72 2,1,5,7,3,4,6,8,9 2 0
2611 1292 75 1,2,4,5,9,8,6,3,7 1 0
2612 1293 51 8,3,1,2,5,4,6,7,9 180 0
2613 1293 62 2,5,4,3,1,7,8,6,9 252 0
2614 1294 72 2,1,4,3,5,6,7,8,9 0 0
2615 1296 43 3,2,1,6,5,8,4,9,7 182 0
2616 1296 46 1,3,2,5,7,4,8,6,9 7 0
2617 1296 60 1,4,3,5,2,7,8,6,9 73 0
2618 1296 73 4,2,3,1,5,6,7,8,9 73 0
2619 1297 70 1,3,7,2,4,8,5,6,9 2 0
2620 1299 65 3,6,7,1,2,4,5,8,9 118 0
2621 1300 55 5,2,1,7,6,3,4,9,8 2 0
2622 1301 69 1,4,2,3,5,8,6,7,9 198 0
2623 1302 23 5,3,1,2,8,9,6,4,7 20 0
2624 1302 52 3,6,2,5,4,8,9,7,1 212 0
2625 1302 58 1,3,4,6,2,7,5,8,9 252 0
2626 1302 69 1,2,5,6,7,3,8,4,9 2 0
2627 1303 60 1,2,3,4,6,5,8,7,9 0 0
2628 1303 65 4,6,1,3,2,7,8,5,9 220 0
2629 1303 66 4,5,7,8,3,2,1,6,9 252 0
2630 1304 37 1,2,3,4,5,6,8,7,9 0 0
2631 1304 52 1,2,3,4,5,6,8,7,9 0 0
2632 1304 76 2,1,6,7,8,4,3,9,5 0 0
2633 1305 80 1,4,5,2,3,8,6,7,9 64 0
2634 1307 27 1,3,4,2,7,5,6,9,8 220 0
2635 1307 58 8,1,4,3,2,7,9,5,6 88 0
2636 1308 70 2,1,5,4,3,6,9,7,8 3 0
2637 1308 79 1,4,3,2,5,6,7,8,9 32 0
2638 1310 52 1,3,2,5,4,6,8,7,9 6 0
2639 1310 75 1,2,5,3,4,7,6,9,8 3 0
2640 1311 53 2,1,3,5,4,8,6,9,7 0 0
2641 1313 44 1,2,6,7,8,9,3,5,4 0 0
2642 1313 59 1,6,2,8,3,7,9,5,4 150 0
2643 1314 57 1,3,4,5,7,2,6,8,9 252 0
2644 1314 74 2,1,3,5,4,9,6,8,7 2 0
2645 1314 82 2,1,8,9,7,3,6,5,4 0 0
2646 1317 32 1,6,3,2,4,9,5,7,8 208 0
2647 1319 57 5,4,3,1,6,2,7,8,9 28 0
2648 1319 70 2,1,3,6,5,4,9,8,7 3 0
2649 1320 62 2,3,1,4,5,6,9,7,8 169 0
2650 1320 80 1,2,4,3,5,6,8,7,9 3 0
2651 1321 83 1,5,3,9,6,2,8,4,7 253 0
2652 1323 81 1,2,3,5,4,7,8,6,9 3 0
2653 1324 26 3,1,7,2,4,9,8,6,5 173 0
2654 1325 22 3,1,5,4,8,2,9,7,6 67 0
2655 1325 29 1,2,3,4,5,6,9,7,8 0 0
2656 1325 36 1,2,3,4,5,6,7,9,8 0 0
2657 1325 48 3,1,5,6,8,7,9,2,4 70 0
2658 1325 61 2,1,7,8,3,6,4,5,9 3 0
2659 1326 49 1,6,2,3,5,7,4,9,8 33 0
2660 1326 50 1,4,7,2,3,6,5,8,9 33 0
2661 1326 53 1,4,2,7,3,8,6,5,9 40 0
2662 1326 62 2,7,1,6,5,3,8,4,9 67 0
2663 1326 65 1,2,3,9,5,6,7,4,8 0 0
2664 1327 6 1,3,4,6,2,5,8,9,7 7 0
2665 1327 29 4,1,3,2,5,8,7,6,9 166 0
2666 1327 76 5,6,3,1,4,7,2,9,8 0 0
2667 1328 32 3,4,5,1,2,6,9,7,8 123 0
2668 1328 50 1,2,4,6,8,9,7,3,5 3 0
2669 1329 72 1,7,2,3,8,5,4,6,9 190 0
2670 1330 76 1,2,3,4,7,5,8,9,6 0 0
2671 1332 34 1,2,3,4,5,6,8,7,9 0 0
2672 1332 43 2,1,4,8,5,6,7,3,9 0 0
2673 1334 80 1,4,3,2,9,8,5,6,7 32 0
2674 1335 55 1,2,3,4,5,6,7,8,9 0 0
2675 1335 79 2,1,4,5,6,7,9,3,8 2 0
2676 1337 52 1,9,3,2,4,8,6,7,5 163 0
2677 1338 68 1,3,2,6,4,7,9,5,8 6 0
2678 1339 83 2,1,8,3,5,6,7,4,9 0 0
2679 1340 48 1,2,6,9,3,4,5,7,8 3 0
2680 1341 71 1,2,6,4,5,7,8,3,9 0 0
2681 1342 57 3,4,1,2,5,6,7,8,9 240 0
2682 1343 21 2,1,3,5,4,6,9,7,8 3 0
2683 1343 45 1,9,3,4,5,6,7,8,2 162 0
2684 1344 51 2,4,1,5,8,3,6,7,9 41 0
2685 1344 71 5,1,2,7,4,3,6,9,8 7 0
2686 1345 83 3,8,1,2,7,4,6,5,9 8 0
2687 1346 53 4,2,1,3,6,5,8,9,7 195 0
2688 1347 52 3,1,5,2,6,4,8,7,9 7 0
2689 1347 76 2,6,1,4,3,5,7,8,9 9 0
2690 1348 74 5,4,2,3,1,7,8,6,9 86 0
2691 1353 28 2,7,1,4,5,6,8,3,9 66 0
2692 1354 77 4,1,8,5,3,6,2,9,7 126 0
2693 1360 25 1,3,2,5,6,8,4,9,7 7 0
2694 1360 47 1,3,7,5,4,2,6,8,9 3 0
2695 1360 83 1,2,3,6,7,4,5,8,9 1 0
2696 1361 81 1,3,2,4,5,7,6,8,9 9 0
2697 1362 19 3,1,6,9,7,4,2,5,8 168 0
2698 1362 52 1,3,7,2,6,9,4,8,5 168 0
2699 1362 81 1,2,3,5,4,7,6,9,8 3 0
2700 1364 47 2,1,6,4,3,7,8,5,9 1 0
2701 1364 83 1,3,7,2,6,5,4,9,8 2 0
2702 1366 8 3,1,5,6,7,2,4,8,9 189 0
2703 1366 20 1,3,4,8,2,9,5,7,6 185 0
2704 1367 32 1,6,3,2,7,4,5,8,9 44 0
2705 1367 46 7,1,6,4,2,8,5,9,3 188 0
2706 1367 64 5,1,6,9,7,2,3,4,8 173 0
2707 1367 83 2,1,3,9,4,8,5,7,6 0 0
2708 1368 29 1,4,5,2,3,7,9,6,8 32 0
2709 1368 82 9,4,1,3,8,6,2,5,7 35 0
2710 1370 76 2,1,3,4,6,5,8,7,9 3 0
2711 1371 70 1,2,3,9,7,8,4,6,5 3 0
2712 1373 65 1,2,3,5,8,4,9,7,6 0 0
2713 1373 66 3,1,7,2,6,9,4,8,5 6 0
2714 1377 52 3,5,2,1,7,4,8,6,9 67 0
2715 1378 24 1,2,4,6,5,3,7,9,8 2 0
2716 1380 34 1,5,2,9,3,4,8,6,7 17 0
2717 1382 60 2,7,5,6,1,3,8,4,9 128 0
2718 1382 62 1,8,3,4,5,6,7,2,9 3 0
2719 1382 73 2,3,7,1,6,4,5,9,8 196 0
2720 1382 82 5,1,3,6,4,7,9,2,8 49 0
2721 1383 53 2,4,5,6,3,1,7,8,9 254 0
2722 1399 47 6,1,2,5,7,3,4,9,8 9 0
2723 1399 51 6,7,1,2,4,9,3,5,8 253 0
2724 1399 64 1,6,7,2,3,5,9,4,8 9 0
2725 1399 67 7,6,1,2,3,4,8,5,9 157 0
2726 1399 71 7,1,2,5,6,3,4,8,9 3 0
2727 1399 80 1,2,3,4,5,6,7,8,9 0 0
2728 1400 38 1,3,5,6,7,4,2,9,8 6 0
2729 1400 55 7,6,1,5,4,8,9,3,2 242 0
2730 1400 62 1,4,2,3,5,6,8,9,7 137 0
2731 1400 67 1,2,3,5,7,6,4,8,9 1 0
2732 1400 74 1,3,5,4,7,6,2,8,9 2 0
2733 1400 79 1,6,2,3,4,5,7,8,9 7 0
2734 1401 51 2,5,1,7,4,3,6,8,9 16 0
2735 1401 58 4,1,2,3,5,7,8,6,9 255 0
2736 1401 59 4,3,5,2,1,6,7,8,9 127 0
2737 1401 76 1,2,4,6,5,8,3,7,9 3 0
2738 1401 81 1,2,3,4,7,6,5,8,9 0 0
2739 1402 61 2,1,5,7,3,6,4,8,9 1 0
2740 1402 66 1,2,3,7,5,6,4,8,9 0 0
2741 1402 75 2,3,1,6,7,4,5,9,8 6 0
2742 1402 78 3,6,1,4,5,2,7,9,8 112 0
2743 1403 38 1,3,5,6,7,2,4,9,8 34 0
2744 1403 55 2,1,7,4,6,3,5,8,9 3 0
2745 1403 79 1,2,6,3,4,5,7,8,9 0 0
2746 1404 12 1,3,5,4,2,8,6,7,9 6 0
2747 1404 53 3,5,4,6,1,2,7,8,9 224 0
2748 1404 81 1,7,2,3,4,5,6,8,9 225 0
2749 1405 80 1,3,2,5,4,6,7,8,9 172 0
2750 1407 17 2,4,1,5,7,9,3,6,8 9 0
2751 1407 40 3,1,6,5,7,4,9,2,8 40 0
2752 1408 9 2,3,5,1,6,7,4,9,8 43 0
2753 1409 64 1,4,8,6,9,5,2,3,7 86 0
2754 1411 18 2,5,1,3,4,7,8,9,6 81 0
2755 1412 66 1,2,3,4,8,7,6,5,9 0 0
2756 1413 77 5,1,2,4,6,3,7,8,9 99 0
2757 1415 66 3,4,5,1,2,8,9,7,6 211 0
2758 1416 51 2,3,4,6,1,5,7,8,9 224 0
2759 1417 73 2,3,8,4,1,7,6,5,9 249 0
2760 1417 81 7,3,9,2,1,4,5,6,8 184 0
2761 1418 50 1,2,5,3,4,6,7,8,9 2 0
2762 1418 74 3,2,1,5,7,4,6,8,9 22 0
2763 1419 70 3,1,6,7,2,4,5,8,9 163 0
2764 1420 73 2,1,4,6,3,8,9,5,7 2 0
2765 1421 16 3,1,4,2,8,7,6,9,5 6 0
2766 1421 48 1,3,2,5,6,9,7,4,8 6 0
2767 1421 67 2,7,3,1,6,4,5,9,8 221 0
2768 1422 47 1,3,4,2,5,7,8,9,6 3 0
2769 1422 80 1,4,2,5,3,7,8,6,9 54 0
2770 1423 49 1,3,4,5,9,2,8,6,7 13 0
2771 1425 31 1,2,4,8,5,3,6,9,7 0 0
2772 1425 54 1,4,2,5,3,7,8,6,9 110 0
2773 1425 74 2,1,3,5,7,4,8,6,9 3 0
2774 1426 76 1,3,7,2,4,6,8,9,5 2 0
2775 1426 79 1,4,5,2,6,3,7,9,8 255 0
2776 1427 77 3,4,5,1,6,2,7,9,8 243 0
2777 1428 70 2,5,6,1,7,3,8,9,4 143 0
2778 1429 54 1,3,8,5,4,2,6,9,7 108 0
2779 1429 73 1,5,2,3,4,9,8,6,7 109 0
2780 1430 29 1,2,3,4,5,6,7,8,9 0 0
2781 1432 79 1,3,2,4,8,6,5,7,9 214 0
2782 1434 73 1,2,3,5,4,7,6,8,9 3 0
2783 1438 53 1,2,3,6,4,8,5,9,7 0 0
2784 1439 44 2,1,3,5,9,6,4,7,8 1 0
2785 1439 61 2,5,6,7,1,4,3,9,8 204 0
2786 1442 19 1,4,2,3,7,5,6,9,8 86 0
2787 1443 53 1,3,9,4,5,2,8,7,6 3 0
2788 1443 82 2,6,1,9,7,3,5,8,4 116 0
2789 1444 3 1,3,4,2,9,5,6,7,8 13 0
2790 1445 78 1,2,3,4,7,5,6,8,9 0 0
2791 1447 26 6,1,5,3,2,7,4,8,9 87 0
2792 1447 39 1,3,4,2,6,5,9,8,7 3 0
2793 1448 37 2,6,4,5,7,3,1,9,8 132 0
2794 1448 74 1,2,5,3,4,9,8,6,7 3 0
2795 1449 53 1,3,2,4,5,6,8,7,9 118 0
2796 1450 78 3,5,4,1,2,7,6,9,8 60 0
2797 1451 65 1,4,6,7,5,8,9,2,3 1 0
2798 1453 79 1,4,2,3,6,5,7,9,8 9 0
2799 1454 24 1,2,3,4,7,8,9,5,6 0 0
2800 1454 78 2,1,3,7,5,4,6,8,9 1 0
2801 1455 53 1,2,3,4,5,6,8,7,9 0 0
2802 1455 61 4,1,2,5,6,8,3,7,9 249 0
2803 1456 18 4,6,7,5,1,8,2,9,3 168 0
2804 1456 68 6,5,4,7,8,1,9,2,3 51 0
2805 1457 36 1,2,5,6,3,9,7,4,8 3 0
2806 1458 79 1,2,4,5,3,6,9,7,8 2 0
2807 1459 64 1,4,2,6,5,8,3,7,9 9 0
2808 1459 67 6,1,7,5,4,2,3,9,8 221 0
2809 1460 68 3,4,1,6,2,5,7,8,9 15 0
2810 1461 58 2,1,4,7,3,6,8,9,5 0 0
2811 1462 51 1,3,5,8,4,6,2,7,9 3 0
2812 1463 66 1,2,3,4,7,6,5,8,9 0 0
2813 1464 76 2,4,5,6,1,3,7,9,8 137 0
2814 1465 65 4,6,5,7,8,9,1,2,3 72 0
2815 1466 72 2,5,6,7,4,8,9,3,1 19 0
2816 1467 17 1,4,2,5,8,7,9,6,3 79 0
2817 1467 43 1,2,3,4,6,5,7,8,9 0 0
2818 1467 58 1,2,4,3,5,6,9,7,8 3 0
2819 1467 69 1,2,3,4,8,6,7,5,9 0 0
2820 1467 75 2,1,4,3,7,5,6,8,9 0 0
2821 1467 77 2,1,4,3,5,6,7,9,8 0 0
2822 1468 62 1,2,3,5,6,4,8,7,9 0 0
2823 1470 58 1,3,2,4,9,8,7,6,5 6 0
2824 1472 16 2,3,8,9,6,7,5,4,1 100 0
2825 1472 35 3,2,4,7,9,5,6,8,1 102 0
2826 1473 12 1,3,2,6,5,7,4,8,9 7 0
2827 1473 70 1,2,4,7,3,5,6,8,9 1 0
2828 1473 71 3,5,1,4,6,8,2,7,9 210 0
2829 1473 80 7,1,2,4,6,3,8,5,9 145 0
2830 1474 71 2,3,1,5,4,6,7,8,9 230 0
2831 1474 80 2,4,5,1,7,3,6,8,9 3 0
2832 1475 46 1,2,3,4,6,5,7,8,9 0 0
2833 1475 76 1,5,8,4,2,3,7,6,9 48 0
2834 1477 28 3,2,7,1,6,4,5,8,9 66 0
2835 1485 28 1,2,4,3,5,8,7,6,9 3 0
2836 1485 50 1,2,3,4,5,8,7,6,9 0 0
2837 1485 63 1,3,2,4,6,7,8,9,5 214 0
2838 1487 61 1,2,3,7,6,5,4,8,9 1 0
2839 1488 82 6,1,3,2,8,5,4,7,9 150 0
2840 1489 57 1,4,2,6,3,7,8,5,9 224 0
2841 1491 30 2,7,1,4,5,8,3,6,9 99 0
2842 1491 49 2,1,3,4,8,6,7,5,9 3 0
2843 1500 71 1,2,3,4,5,6,7,9,8 0 0
2844 1507 82 1,3,2,4,7,6,9,8,5 150 0
2845 1508 31 1,4,3,2,6,8,7,5,9 160 0
2846 1508 68 1,4,2,6,5,3,7,8,9 160 0
2847 1514 75 2,6,5,4,1,3,7,8,9 253 0
2848 1516 51 1,2,6,4,3,5,7,9,8 0 0
2849 1518 74 8,1,2,3,4,7,5,9,6 16 0
2850 1519 9 3,1,6,4,8,9,2,7,5 51 0
2851 1520 51 4,3,1,6,2,8,9,5,7 151 0
2852 1521 33 1,2,4,5,6,8,3,9,7 3 0
2853 1522 55 1,2,3,5,4,6,8,9,7 0 0
2854 1523 49 1,2,9,3,4,8,6,5,7 2 0
2855 1524 24 1,2,5,3,4,9,8,6,7 1 0
2856 1524 37 2,6,3,5,1,4,7,9,8 164 0
2857 1524 41 2,8,5,1,4,7,9,3,6 6 0
2858 1524 48 3,6,1,2,8,4,5,7,9 8 0
2859 1524 83 1,3,2,5,4,6,8,7,9 211 0
2860 1525 24 2,9,5,4,3,6,1,8,7 221 0
2861 1525 26 1,6,3,4,5,2,7,8,9 3 0
2862 1525 35 1,3,4,6,9,2,8,5,7 221 0
2863 1525 55 3,1,5,6,2,8,4,7,9 216 0
2864 1525 73 2,3,9,1,4,8,5,6,7 219 0
2865 1526 47 3,5,2,4,1,6,7,9,8 162 0
2866 1526 50 1,2,3,4,5,8,9,7,6 0 0
2867 1526 80 4,2,6,1,3,8,7,9,5 9 0
2868 1531 68 2,3,8,1,4,5,7,9,6 148 0
2869 1532 83 1,5,7,2,3,6,8,4,9 1 0
2870 1536 46 5,1,2,4,6,3,7,8,9 131 0
2871 1539 43 2,1,3,7,6,4,5,9,8 3 0
2872 1539 55 3,1,6,2,4,7,5,8,9 134 0
2873 1540 80 1,4,2,3,5,6,7,8,9 9 0
2874 1541 80 3,1,4,2,8,5,7,9,6 249 0
2875 1551 79 2,3,5,1,4,7,6,9,8 0 0
2876 1552 24 2,6,3,5,9,8,7,1,4 34 0
2877 1558 61 4,1,2,5,6,8,3,7,9 192 0
2878 1559 70 1,5,3,4,2,7,6,8,9 16 0
2879 1559 80 1,2,3,5,6,8,4,7,9 1 0
2880 1562 66 5,1,2,6,3,4,7,8,9 12 0
2881 1564 83 1,2,3,4,5,6,8,9,7 0 0
2882 1565 82 1,2,3,4,5,7,8,9,6 0 0
2883 1567 50 5,2,1,7,3,4,8,6,9 210 0
2884 1567 82 2,1,4,3,5,7,8,6,9 0 0
2885 1570 74 1,2,3,4,5,6,8,7,9 0 0
2886 1577 17 2,8,4,1,3,5,9,7,6 48 0
2887 1577 43 1,6,2,3,4,5,7,8,9 32 0
2888 1577 50 1,2,3,4,6,9,7,5,8 0 0
2889 1580 59 2,3,5,7,4,1,6,8,9 9 0
2890 1581 48 1,2,3,4,5,7,6,8,9 0 0
2891 1581 83 1,2,4,5,3,6,9,7,8 1 0
2892 1584 71 2,6,4,5,1,3,8,7,9 35 0
2893 1584 82 5,6,1,3,2,4,9,7,8 49 0
2894 1586 65 1,2,3,4,5,8,7,9,6 0 0
2895 1586 71 2,1,4,3,5,6,8,9,7 0 0
2896 1586 82 1,3,2,5,4,8,6,7,9 7 0
2897 1588 62 2,1,4,6,5,9,7,8,3 2 0
2898 1590 60 1,2,3,5,7,6,4,8,9 0 0
2899 1592 80 1,3,2,6,9,5,4,8,7 198 0
2900 1600 45 1,2,3,4,7,8,9,5,6 0 0
2901 1610 32 1,2,4,5,6,8,7,3,9 2 0
2902 1615 58 2,1,3,8,4,7,6,5,9 3 0
2903 1618 55 1,4,3,2,7,5,6,8,9 223 0
2904 1619 55 2,1,4,3,5,8,6,7,9 0 0
2905 1620 72 1,2,4,3,5,6,7,8,9 3 0
2906 1623 39 1,3,2,4,5,6,7,8,9 6 0
2907 1623 81 3,1,2,7,4,5,6,9,8 2 0
2908 1624 44 1,2,3,5,6,9,4,8,7 1 0
2909 1624 74 1,2,3,6,5,9,4,7,8 2 0
2910 1633 25 1,2,5,6,7,3,8,4,9 0 0
2911 1633 65 1,2,4,8,3,5,6,7,9 3 0
2912 1633 66 2,3,1,6,4,5,8,7,9 214 0
2913 1639 69 2,3,4,8,6,1,5,7,9 6 0
2914 1639 75 4,1,2,5,7,3,8,6,9 255 0
2915 1641 26 1,6,3,4,5,9,8,2,7 32 0
2916 1642 37 2,5,4,6,7,1,3,8,9 35 0
2917 1642 65 1,2,5,3,4,6,7,8,9 3 0
2918 1646 51 1,5,4,2,3,7,8,6,9 129 0
2919 1647 63 2,5,3,4,8,1,6,9,7 19 0
2920 1647 76 1,6,4,7,2,3,9,8,5 78 0
2921 1649 38 1,3,2,6,7,4,8,9,5 141 0
2922 1654 22 5,2,4,6,3,8,1,9,7 3 0
2923 1656 81 5,2,8,4,1,3,7,9,6 139 0
2924 1658 49 1,2,3,4,5,7,8,6,9 0 0
2925 1661 26 5,1,2,4,3,7,8,9,6 24 0
2926 1666 50 1,4,2,5,3,6,8,7,9 240 0
2927 1670 39 5,2,3,6,1,7,4,9,8 0 0
2928 1671 61 4,1,2,5,6,8,3,7,9 249 0
2929 1674 79 3,5,1,2,7,4,8,6,9 125 0
2930 1679 72 4,1,2,7,5,6,3,9,8 73 0
2931 1681 44 7,1,2,5,4,6,3,9,8 47 0
2932 1681 61 3,1,2,6,5,4,7,9,8 39 0
2933 1684 63 1,3,4,6,2,5,7,9,8 7 0
2934 1687 31 1,2,5,8,3,6,9,4,7 1 0
2935 1687 38 1,6,3,9,7,2,5,4,8 34 0
2936 1689 13 2,3,1,4,5,8,7,6,9 182 0
2937 1692 48 4,3,6,2,9,5,7,8,1 75 0
2938 1694 37 7,1,2,3,4,5,6,8,9 71 0
2939 1695 48 1,2,3,4,5,6,7,8,9 0 0
2940 1695 76 6,1,3,5,4,8,9,7,2 49 0
2941 1698 81 3,6,1,8,5,2,4,9,7 32 0
2942 1699 75 8,2,3,1,9,4,6,5,7 110 0
2943 1701 61 4,1,2,5,8,3,6,7,9 249 0
2944 1705 46 4,1,2,5,3,6,8,7,9 134 0
2945 1708 51 1,2,3,5,6,8,4,7,9 1 0
2946 1710 63 4,2,7,8,9,3,1,6,5 1 0
2947 1719 55 2,1,3,4,6,9,8,5,7 3 0
2948 1719 78 1,7,6,3,5,4,2,9,8 17 0
2949 1720 38 7,9,6,8,2,3,1,5,4 221 0
2950 1721 49 6,7,8,1,2,3,4,5,9 34 0
2951 1721 61 8,3,1,5,2,4,6,9,7 100 0
2952 1723 12 1,2,3,4,5,6,7,9,8 0 0
2953 1723 51 1,2,4,9,5,6,3,8,7 1 0
2954 1725 36 4,7,2,1,6,5,9,3,8 23 0
2955 1726 67 2,1,3,4,6,5,7,8,9 3 0
2956 1727 58 1,2,3,4,5,6,8,7,9 0 0
2957 1730 25 3,1,4,2,5,8,6,7,9 9 0
2958 1730 55 1,2,4,3,5,6,8,9,7 3 0
2959 1733 81 1,5,2,6,3,4,9,8,7 17 0
2960 1734 81 1,5,2,6,3,9,8,7,4 17 0
2961 1736 34 2,1,6,3,7,4,5,9,8 0 0
2962 1739 0 1,3,4,7,9,5,2,6,8 4 0
2963 1739 16 2,5,1,6,3,4,9,8,7 19 0
2964 1739 25 2,3,6,5,1,4,8,9,7 0 0
2965 1739 31 2,1,4,7,3,6,5,9,8 0 0
2966 1739 39 1,4,3,2,9,5,6,8,7 0 0
2967 1739 44 4,1,2,3,5,8,7,6,9 0 0
2968 1739 47 3,5,2,1,4,8,6,7,9 3 0
2969 1739 50 1,2,5,3,8,4,7,6,9 3 0
2970 1739 62 1,5,6,2,9,3,4,7,8 200 0
2971 1739 69 4,2,1,3,6,5,9,7,8 147 0
2972 1739 72 2,5,6,4,1,9,7,3,8 19 0
2973 1739 75 5,2,1,3,7,9,4,8,6 3 0
2974 1739 79 1,3,2,4,5,8,6,9,7 6 0
2975 1740 8 1,2,3,6,4,7,5,9,8 0 0
2976 1740 48 1,2,7,6,8,3,9,5,4 3 0
2977 1740 70 1,5,4,7,3,2,6,9,8 65 0
2978 1740 74 4,1,3,5,2,6,7,9,8 89 0
2979 1741 42 3,2,6,9,8,4,1,7,5 208 0
2980 1741 47 1,3,2,6,7,4,5,8,9 214 0
2981 1741 52 3,1,8,7,4,5,9,6,2 211 0
2982 1741 60 1,2,6,4,5,3,7,8,9 3 0
2983 1741 64 1,2,3,5,8,6,4,7,9 3 0
2984 1741 66 3,2,1,4,5,6,8,9,7 208 0
2985 1741 83 4,3,1,2,8,5,7,6,9 211 0
2986 1742 44 3,2,4,1,6,9,8,5,7 246 0
2987 1742 56 3,2,1,4,5,6,7,9,8 240 0
2988 1742 64 1,5,2,3,4,8,6,7,9 114 0
2989 1742 74 2,1,4,3,5,7,8,6,9 0 0
2990 1742 82 3,1,6,2,8,5,4,9,7 242 0
2991 1743 34 2,1,4,8,5,6,3,7,9 0 0
2992 1743 50 3,2,4,7,6,1,5,8,9 150 0
2993 1744 27 1,7,3,4,5,6,2,8,9 19 0
2994 1744 30 5,1,2,4,7,6,8,3,9 3 0
2995 1744 52 4,2,5,3,1,6,7,8,9 1 0
2996 1744 74 3,2,1,4,5,6,7,9,8 112 0
2997 1745 47 2,8,3,1,4,6,5,9,7 11 0
2998 1745 69 2,9,3,1,4,6,8,5,7 139 0
2999 1746 74 1,7,2,3,4,6,8,9,5 209 0
3000 1746 82 3,1,2,8,6,4,9,7,5 252 0
3001 1747 49 1,2,6,5,7,9,8,4,3 2 0
3002 1749 16 1,6,7,3,2,4,5,9,8 99 0
3003 1749 22 2,5,1,3,4,6,7,8,9 18 0
3004 1749 53 8,1,6,4,9,2,7,5,3 118 0
3005 1749 76 1,8,9,2,4,6,5,7,3 119 0
3006 1749 78 4,8,6,5,1,2,7,9,3 67 0
3007 1750 40 1,3,2,4,5,6,8,7,9 233 0
3008 1750 49 1,6,4,3,2,5,8,9,7 232 0
3009 1750 83 1,2,7,3,4,5,6,9,8 3 0
3010 1751 55 2,1,3,8,4,5,7,6,9 3 0
3011 1751 68 3,1,2,4,5,6,7,8,9 67 0
3012 1752 81 1,5,2,3,6,8,7,4,9 49 0
3013 1754 34 2,7,1,3,5,6,4,8,9 65 0
3014 1756 67 5,3,2,6,1,4,7,8,9 56 0
3015 1757 66 1,5,3,4,2,7,6,8,9 86 0
3016 1757 72 2,4,3,6,5,8,1,9,7 3 0
3017 1758 61 3,1,6,4,8,7,9,2,5 12 0
3018 1758 70 2,1,6,3,4,8,7,5,9 2 0
3019 1758 73 2,1,3,8,6,7,9,5,4 0 0
3020 1758 78 1,2,4,5,3,6,7,8,9 3 0
3021 1762 58 9,1,2,3,4,7,6,5,8 168 0
3022 1764 72 9,1,2,6,4,5,3,7,8 222 0
3023 1766 27 1,5,3,4,6,9,8,7,2 61 0
3024 1766 28 1,5,3,4,8,6,9,7,2 61 0
3025 1766 35 1,2,3,5,6,7,9,4,8 131 0
3026 1766 49 1,5,3,6,2,7,8,4,9 61 0
3027 1766 65 4,2,3,1,6,7,5,9,8 9 0
3028 1766 68 3,1,2,5,6,9,4,7,8 40 0
3029 1766 71 2,1,3,5,4,9,8,7,6 0 0
3030 1766 78 2,1,3,8,9,7,4,5,6 0 0
3031 1766 79 3,2,1,6,5,9,8,4,7 47 0
3032 1767 31 8,4,1,2,3,5,6,7,9 23 0
3033 1767 42 3,1,2,4,9,5,8,6,7 3 0
3034 1767 50 3,1,6,2,7,8,4,9,5 7 0
3035 1767 82 1,6,3,9,2,7,8,4,5 62 0
3036 1768 44 1,3,2,8,9,5,7,4,6 70 0
3037 1768 54 8,1,4,9,5,2,3,7,6 110 0
3038 1768 74 7,1,2,5,6,9,4,8,3 3 0
3039 1769 27 1,3,5,4,2,6,8,7,9 60 0
3040 1770 46 1,3,2,4,6,7,5,9,8 185 0
3041 1771 22 1,4,3,7,6,5,2,9,8 169 0
3042 1773 5 1,2,4,5,7,6,3,8,9 2 0
3043 1773 54 1,9,2,8,7,4,6,5,3 255 0
3044 1773 74 1,9,5,8,2,4,3,7,6 255 0
3045 1774 53 1,4,2,3,5,7,6,8,9 9 0
3046 1779 43 4,1,3,2,5,8,9,7,6 70 0
3047 1779 51 2,1,4,9,5,6,8,7,3 3 0
3048 1779 61 1,8,3,9,5,4,2,6,7 129 0
3049 1780 17 2,1,3,9,4,5,7,8,6 1 0
3050 1780 22 1,4,3,5,6,8,2,9,7 8 0
3051 1780 63 1,3,2,4,6,5,8,7,9 185 0
3052 1781 59 1,5,4,2,3,6,8,7,9 38 0
3053 1781 67 2,3,6,1,4,8,5,9,7 128 0
3054 1781 81 5,4,1,6,8,2,3,9,7 65 0
3055 1781 82 2,6,5,1,4,3,9,8,7 123 0
3056 1784 48 2,3,8,1,4,6,5,9,7 107 0
3057 1784 61 7,2,4,5,8,3,9,6,1 43 0
3058 1784 63 5,1,4,3,2,6,7,8,9 252 0
3059 1784 68 3,4,1,2,6,5,8,9,7 47 0
3060 1785 75 6,1,4,3,5,2,7,9,8 88 0
3061 1785 77 1,3,4,2,5,9,6,7,8 124 0
3062 1785 80 4,1,5,8,2,3,9,7,6 73 0
3063 1787 15 4,1,2,5,3,7,8,6,9 255 0
3064 1788 54 1,2,3,4,5,6,7,8,9 0 0
3065 1792 68 1,3,4,5,7,2,6,9,8 7 0
3066 1792 76 6,3,1,5,9,7,2,4,8 199 0
3067 1793 70 1,2,3,4,6,5,7,9,8 0 0
3068 1794 33 1,4,3,2,5,6,8,9,7 0 0
3069 1794 69 1,4,8,2,3,6,7,9,5 0 0
3070 1797 32 2,1,5,3,9,7,6,8,4 0 0
3071 1797 53 1,2,4,7,3,5,8,6,9 3 0
3072 1797 83 1,3,4,5,6,8,9,2,7 252 0
3073 1798 76 1,2,3,4,8,9,7,5,6 0 0
3074 1798 80 2,1,4,7,3,5,6,8,9 3 0
3075 1799 73 1,4,3,5,6,2,9,8,7 41 0
3076 1799 74 3,1,4,5,2,6,8,9,7 2 0
3077 1802 64 1,4,2,3,5,7,6,8,9 182 0
3078 1802 73 1,3,5,4,2,7,6,9,8 130 0
3079 1803 68 2,1,6,3,5,7,8,9,4 0 0
3080 1804 29 1,2,3,7,4,6,5,8,9 0 0
3081 1805 83 1,3,2,4,7,8,5,6,9 169 0
3082 1810 55 3,2,7,9,5,4,8,6,1 169 0
3083 1811 49 1,2,3,4,5,6,7,8,9 0 0
3084 1811 75 1,7,6,4,3,9,8,5,2 199 0
3085 1812 79 1,2,6,4,8,3,5,7,9 2 0
3086 1816 3 1,9,8,7,4,5,6,3,2 249 0
3087 1816 46 1,4,9,2,3,6,5,7,8 240 0
3088 1816 72 1,2,3,5,4,6,8,7,9 1 0
3089 1817 38 5,4,2,6,1,3,7,9,8 9 0
3090 1817 43 4,1,5,7,3,2,6,9,8 217 0
3091 1820 66 1,4,5,8,7,3,6,9,2 14 0
3092 1823 10 1,2,3,4,5,7,6,8,9 32 0
3093 1823 21 1,2,3,5,6,4,7,8,9 0 0
3094 1823 31 1,2,8,6,3,9,7,4,5 3 0
3095 1823 54 8,1,4,9,5,6,2,7,3 25 0
3096 1823 55 1,8,2,5,9,3,7,6,4 25 0
3097 1823 70 1,8,9,5,2,6,3,4,7 25 0
3098 1823 74 2,8,1,5,3,9,4,6,7 25 0
3099 1824 6 2,1,6,3,5,4,7,9,8 0 0
3100 1824 27 8,3,5,4,9,6,7,2,1 248 0
3101 1824 53 8,2,3,6,5,9,7,4,1 254 0
3102 1824 54 2,1,4,7,3,8,5,9,6 0 0
3103 1824 65 2,1,3,4,8,9,7,6,5 3 0
3104 1824 76 1,4,2,3,9,8,7,5,6 118 0
3105 1825 49 1,2,3,5,6,8,9,7,4 3 0
3106 1825 52 1,6,3,4,2,5,9,8,7 54 0
3107 1825 75 1,2,6,9,3,4,5,8,7 0 0
3108 1825 76 9,3,1,5,2,6,7,4,8 48 0
3109 1826 34 1,3,4,5,8,6,2,7,9 67 0
3110 1826 47 3,2,4,9,5,7,8,6,1 0 0
3111 1826 83 1,2,6,3,5,4,8,7,9 3 0
3112 1827 29 4,6,1,2,3,5,7,8,9 16 0
3113 1827 32 2,5,4,1,8,6,9,3,7 35 0
3114 1827 74 4,2,1,5,3,7,6,8,9 59 0
3115 1828 20 1,2,6,4,3,5,7,8,9 64 0
3116 1828 31 1,8,2,7,9,6,3,4,5 153 0
3117 1831 29 2,1,3,6,4,5,8,7,9 3 0
3118 1831 50 3,1,2,5,6,8,4,7,9 215 0
3119 1832 61 3,1,6,2,4,5,9,7,8 105 0
3120 1832 70 1,3,4,2,6,8,7,5,9 108 0
3121 1832 78 1,3,4,6,2,8,5,7,9 108 0
3122 1834 57 1,2,3,4,5,6,7,8,9 0 0
3123 1834 75 1,5,6,3,2,4,7,8,9 49 0
3124 1834 78 1,6,2,4,3,5,8,7,9 32 0
3125 1835 75 2,1,4,3,5,6,9,8,7 0 0
3126 1837 49 2,5,3,4,7,6,8,1,9 2 0
3127 1837 78 2,3,5,4,9,6,8,1,7 9 0
3128 1838 65 3,2,1,4,5,6,9,8,7 79 0
3129 1838 77 1,3,2,4,5,6,9,7,8 73 0
3130 1838 79 3,1,2,8,4,5,9,6,7 72 0
3131 1839 75 2,1,7,5,4,3,6,9,8 2 0
3132 1842 78 3,2,5,4,8,7,6,9,1 15 0
3133 1845 75 3,4,8,2,1,6,9,5,7 48 0
3134 1848 45 5,7,2,3,9,1,4,6,8 43 0
3135 1848 61 3,2,1,6,4,8,5,9,7 255 0
3136 1850 63 1,2,6,7,4,3,8,9,5 2 0
3137 1855 55 1,3,4,2,9,6,5,8,7 3 0
3138 1859 54 2,4,3,1,9,7,6,5,8 51 0
3139 1862 45 2,3,1,4,7,9,8,6,5 233 0
3140 1862 69 3,1,5,2,4,7,8,6,9 7 0
3141 1863 49 2,4,1,7,3,9,6,5,8 214 0
3142 1864 27 9,8,6,3,2,1,7,5,4 67 0
3143 1865 76 1,3,2,5,6,9,4,7,8 7 0
3144 1869 76 5,6,1,3,4,8,9,2,7 240 0
3145 1871 40 2,3,5,1,8,6,9,4,7 203 0
3146 1873 66 2,5,4,1,7,8,6,3,9 57 0
3147 1876 63 3,6,4,2,1,8,5,7,9 22 0
3148 1880 49 1,2,3,6,4,5,9,7,8 2 0
3149 1880 65 4,1,6,2,5,3,9,7,8 119 0
3150 1881 47 1,5,3,2,4,6,8,7,9 97 0
3151 1884 74 1,7,9,6,3,5,2,8,4 39 0
3152 1888 62 2,1,4,7,6,3,5,8,9 2 0
3153 1889 50 2,1,5,6,9,7,8,3,4 1 0
3154 1890 83 8,2,5,6,3,4,9,7,1 11 0
3155 1894 47 3,1,2,4,7,8,5,6,9 76 0
3156 1895 43 2,3,5,1,8,4,6,9,7 127 0
3157 1898 29 5,3,4,2,9,8,6,7,1 19 0
3158 1898 49 5,3,6,2,4,7,9,8,1 3 0
3159 1898 50 1,3,8,9,5,2,4,6,7 3 0
3160 1899 47 1,3,8,2,6,4,7,5,9 24 0
3161 1899 53 1,2,3,4,5,8,7,6,9 0 0
3162 1899 75 1,4,5,2,8,3,9,7,6 24 0
3163 1909 65 1,3,5,4,6,2,9,8,7 3 0
3164 1915 11 8,3,1,6,9,5,7,2,4 43 0
3165 1915 38 4,3,8,5,2,6,7,9,1 43 0
3166 1916 58 7,2,3,4,5,8,1,6,9 66 0
3167 1916 59 3,4,9,2,5,7,6,1,8 103 0
3168 1916 70 3,6,5,1,2,8,4,7,9 239 0
3169 1916 76 2,6,3,7,1,9,8,5,4 66 0
3170 1916 81 1,5,2,3,6,4,8,7,9 145 0
3171 1917 73 2,3,7,4,1,5,9,6,8 54 0
3172 1918 68 7,1,2,3,4,6,9,5,8 56 0
3173 1922 19 3,1,2,8,7,9,4,5,6 172 0
3174 1926 67 1,5,6,2,7,4,8,3,9 6 0
3175 1927 67 2,5,1,6,4,9,7,8,3 221 0
3176 1931 2 7,1,4,9,5,2,8,6,3 141 0
3177 1933 79 3,1,2,9,8,4,6,5,7 19 0
3178 1940 43 1,3,2,6,7,8,9,5,4 141 0
3179 1944 17 1,2,3,6,5,7,4,8,9 0 0
3180 1944 25 1,3,4,5,2,6,8,7,9 6 0
3181 1944 43 1,4,2,5,7,3,8,6,9 232 0
3182 1944 50 1,6,3,4,5,7,2,8,9 224 0
3183 1944 51 1,5,4,3,8,2,7,6,9 6 0
3184 1944 62 2,1,4,3,8,9,7,6,5 0 0
3185 1944 76 1,2,3,5,4,6,8,9,7 0 0
3186 1945 7 1,2,8,3,5,7,6,4,9 3 0
3187 1945 33 1,8,2,9,3,4,7,5,6 129 0
3188 1945 42 9,1,2,3,4,6,5,7,8 128 0
3189 1945 65 2,1,8,6,7,4,9,3,5 0 0
3190 1946 38 1,3,6,5,4,2,7,9,8 6 0
3191 1946 55 5,2,1,4,3,8,9,7,6 100 0
3192 1946 61 8,1,2,5,3,4,6,7,9 0 0
3193 1947 38 4,5,9,7,1,3,8,2,6 179 0
3194 1947 39 2,6,3,4,1,5,9,8,7 137 0
3195 1947 50 1,4,8,2,3,5,7,6,9 1 0
3196 1947 66 1,2,3,6,7,5,4,9,8 2 0
3197 1947 74 3,2,1,9,7,5,8,4,6 171 0
3198 1947 79 1,3,9,2,7,4,5,6,8 200 0
3199 1948 58 6,1,2,3,8,4,5,9,7 72 0
3200 1948 75 1,2,3,8,4,6,7,9,5 0 0
3201 1949 16 2,9,1,6,4,8,3,5,7 96 0
3202 1949 33 1,2,4,6,7,3,5,9,8 3 0
3203 1949 50 1,2,9,4,5,6,3,8,7 0 0
3204 1949 72 1,2,3,8,4,5,6,7,9 0 0
3205 1950 5 2,5,8,1,4,9,3,6,7 153 0
3206 1950 34 2,1,8,3,4,9,6,5,7 2 0
3207 1950 83 1,9,2,4,3,5,6,8,7 189 0
3208 1952 54 1,5,2,3,4,8,6,7,9 142 0
3209 1954 62 3,2,4,1,6,5,7,8,9 6 0
3210 1954 69 2,4,1,3,6,5,7,8,9 57 0
3211 1954 72 1,2,3,4,5,6,8,7,9 0 0
3212 1954 73 5,1,3,2,7,4,9,6,8 238 0
3213 1955 65 1,4,5,2,8,7,3,9,6 57 0
3214 1955 77 1,2,7,4,5,6,3,8,9 0 0
3215 1955 79 1,6,8,2,4,3,5,7,9 1 0
3216 1956 78 2,7,8,4,1,5,3,6,9 0 0
3217 1958 22 2,4,1,5,8,9,6,3,7 9 0
3218 1959 43 1,2,9,3,5,8,7,6,4 1 0
3219 1959 72 3,8,1,5,4,2,6,9,7 156 0
3220 1960 61 8,1,2,3,5,4,6,7,9 0 0
3221 1961 77 1,2,5,3,4,9,6,7,8 0 0
3222 1962 18 2,1,8,7,3,5,6,4,9 3 0
3223 1963 50 3,1,4,5,6,8,2,9,7 57 0
3224 1963 79 1,2,4,3,8,5,7,6,9 3 0
3225 1964 62 3,9,2,5,4,6,1,8,7 243 0
3226 1965 8 4,7,3,5,9,2,1,6,8 1 0
3227 1966 13 1,3,8,4,5,2,6,7,9 3 0
3228 1966 24 3,1,5,6,4,7,8,2,9 6 0
3229 1966 26 1,5,3,2,4,7,6,9,8 87 0
3230 1966 55 1,6,2,3,8,4,7,5,9 40 0
3231 1966 61 3,2,4,1,6,5,9,7,8 38 0
3232 1966 63 2,5,3,1,8,6,9,4,7 52 0
3233 1966 77 1,2,3,8,6,7,4,5,9 0 0
3234 1967 24 4,1,3,5,8,6,9,2,7 96 0
3235 1967 25 1,5,4,7,2,8,3,6,9 135 0
3236 1967 30 1,4,8,2,3,6,5,7,9 97 0
3237 1967 35 1,2,3,4,7,6,9,8,5 128 0
3238 1967 43 1,5,3,2,9,4,8,7,6 150 0
3239 1967 48 1,3,2,4,6,5,7,8,9 134 0
3240 1967 51 2,1,4,8,7,3,5,6,9 1 0
3241 1967 75 4,5,1,2,3,9,6,8,7 135 0
3242 1968 17 2,1,4,6,3,8,5,9,7 3 0
3243 1968 26 3,4,6,5,9,2,1,7,8 255 0
3244 1968 43 1,3,8,2,4,7,5,6,9 3 0
3245 1968 58 1,9,6,8,5,2,3,7,4 249 0
3246 1968 69 1,6,2,5,4,7,3,9,8 33 0
3247 1968 83 5,9,1,3,2,4,6,8,7 7 0
3248 1969 7 1,3,4,2,5,7,6,9,8 220 0
3249 1969 25 1,2,5,6,9,8,3,7,4 2 0
3250 1969 37 9,2,4,5,8,7,1,3,6 121 0
3251 1969 49 2,8,1,4,3,6,9,5,7 132 0
3252 1969 75 3,2,1,5,6,8,9,4,7 0 0
3253 1970 37 2,1,3,5,4,6,8,7,9 2 0
3254 1970 48 6,1,4,3,2,7,8,5,9 217 0
3255 1970 50 1,2,3,8,5,9,6,7,4 1 0
3256 1970 74 1,2,6,3,8,5,9,4,7 2 0
3257 1970 82 1,6,4,8,9,2,3,5,7 217 0
3258 1971 27 1,3,2,8,5,9,7,4,6 6 0
3259 1971 30 1,4,8,7,9,2,3,5,6 9 0
3260 1971 50 1,9,5,3,2,6,8,4,7 233 0
3261 1971 74 1,3,2,5,6,7,4,8,9 6 0
3262 1972 64 5,1,2,4,3,9,6,7,8 161 0
3263 1972 83 1,6,9,4,5,3,8,7,2 33 0
3264 1973 27 2,4,3,1,7,5,6,8,9 252 0
3265 1973 53 4,1,2,6,5,7,3,8,9 255 0
3266 1973 76 1,2,3,4,5,7,8,9,6 0 0
3267 1974 30 1,8,6,3,2,7,4,5,9 232 0
3268 1976 55 1,6,5,2,4,3,8,7,9 192 0
3269 1976 75 1,2,7,5,3,4,6,9,8 2 0
3270 1976 78 2,1,3,5,7,4,6,9,8 1 0
3271 1976 79 3,1,2,6,4,8,5,9,7 19 0
3272 1977 18 2,4,1,7,6,3,5,8,9 243 0
3273 1977 33 1,3,4,5,2,6,9,7,8 243 0
3274 1977 75 6,7,3,4,5,9,8,2,1 25 0
3275 1977 82 6,1,2,5,3,4,7,8,9 50 0
3276 1978 8 4,1,8,9,2,7,3,6,5 1 0
3277 1978 31 6,3,4,7,5,8,2,1,9 243 0
3278 1979 81 1,4,5,3,2,6,7,9,8 129 0
3279 1980 0 8,4,9,1,2,3,5,6,7 248 0
3280 1982 39 3,5,6,1,7,2,8,4,9 124 0
3281 1982 54 1,4,3,2,5,6,9,8,7 64 0
3282 1982 76 7,1,6,8,2,3,5,9,4 64 0
3283 1982 78 2,1,4,3,5,6,7,8,9 0 0
3284 1983 6 1,2,4,9,8,3,5,7,6 3 0
3285 1983 43 3,1,2,4,9,6,7,5,8 67 0
3286 1983 75 1,2,3,4,9,8,5,6,7 0 0
3287 1984 62 2,1,6,3,7,8,9,4,5 0 0
3288 1984 64 8,1,5,2,4,7,6,3,9 233 0
3289 1985 47 3,1,2,4,6,5,8,9,7 12 0
3290 1986 81 2,5,1,6,4,9,3,7,8 110 0
3291 1986 82 2,1,5,6,8,4,7,3,9 0 0
3292 1987 51 1,3,8,4,2,5,6,9,7 7 0
3293 1989 16 3,4,1,5,2,9,6,8,7 243 0
3294 1989 44 2,4,8,3,9,1,6,5,7 6 0
3295 1991 26 2,4,6,9,1,5,3,8,7 9 0
3296 1993 52 1,4,2,5,3,9,6,7,8 110 0
3297 1994 48 1,2,3,5,7,8,4,6,9 0 0
3298 1995 75 2,8,1,6,3,9,4,7,5 131 0
3299 1995 77 2,1,4,3,5,6,7,8,9 0 0
3300 1996 39 3,7,5,1,8,9,2,6,4 4 0
3301 1997 63 1,2,5,3,7,6,4,8,9 3 0
3302 1997 69 4,1,3,6,5,9,2,8,7 8 0
3303 1997 75 1,2,7,3,4,6,9,5,8 3 0
3304 2001 77 3,4,2,1,5,9,6,8,7 19 0
3305 2002 61 1,2,3,5,7,6,4,9,8 0 0
3306 2003 8 1,3,7,8,2,4,5,9,6 9 0
3307 2003 40 2,3,5,1,4,6,9,8,7 29 0
3308 2003 83 1,4,5,2,3,8,6,9,7 1 0
3309 2004 54 1,3,2,5,9,7,4,8,6 7 0
3310 2004 70 2,5,6,1,3,9,4,8,7 114 0
3311 2005 16 1,3,7,4,5,8,6,9,2 6 0
3312 2005 59 5,4,1,2,3,6,7,8,9 167 0
3313 2006 73 2,4,1,5,3,6,8,9,7 11 0
3314 2007 29 1,2,9,8,4,5,3,6,7 2 0
3315 2010 4 2,3,1,8,4,6,7,5,9 15 0
3316 2010 31 1,9,8,2,4,7,6,5,3 18 0
3317 2010 57 2,3,4,1,5,6,7,8,9 15 0
3318 2011 34 8,1,5,6,4,2,3,7,9 131 0
3319 2011 36 3,2,4,1,6,5,7,9,8 73 0
3320 2011 65 4,1,3,2,5,9,6,8,7 134 0
3321 2011 67 1,4,6,8,2,5,9,3,7 134 0
3322 2012 61 4,1,2,5,7,3,6,8,9 249 0
3323 2013 27 1,3,7,4,9,6,8,2,5 38 0
3324 2013 50 1,3,2,4,7,5,6,8,9 38 0
3325 2013 78 2,1,3,5,8,9,6,4,7 3 0
3326 2013 79 3,2,4,1,7,5,6,8,9 6 0
3327 2014 62 2,1,3,5,8,6,7,9,4 2 0
3328 2014 67 2,1,4,3,5,6,7,9,8 0 0
3329 2015 13 1,2,5,4,3,6,7,8,9 0 0
3330 2017 48 1,3,4,5,2,7,8,6,9 121 0
3331 2018 77 3,4,1,2,5,6,7,9,8 15 0
3332 2019 19 2,3,5,8,6,7,9,4,1 203 0
3333 2021 14 7,5,4,3,1,6,2,9,8 125 0
3334 2023 42 1,3,9,2,6,7,4,5,8 216 0
3335 2024 55 3,6,4,7,1,2,8,5,9 38 0
3336 2026 2 3,1,2,5,4,7,6,9,8 160 0
3337 2026 45 5,8,6,7,1,3,9,4,2 160 0
3338 2026 58 1,2,3,4,6,9,5,8,7 0 0
3339 2026 75 9,5,1,4,6,2,8,3,7 237 0
3340 2027 25 1,2,3,6,5,4,7,8,9 0 0
3341 2028 47 5,3,9,1,8,7,6,4,2 130 0
3342 2028 75 2,6,9,8,1,7,5,3,4 1 0
3343 2029 24 6,7,9,5,3,2,4,8,1 131 0
3344 2029 53 2,1,3,7,8,4,5,6,9 3 0
3345 2030 14 5,4,3,6,7,1,9,8,2 208 0
3346 2031 27 9,1,6,3,7,5,2,8,4 175 0
3347 2032 12 1,5,9,8,3,7,4,6,2 113 0
3348 2032 36 3,2,7,5,1,8,9,4,6 96 0
3349 2032 69 9,7,5,8,6,4,2,1,3 70 0
3350 2032 73 5,7,9,2,4,1,3,6,8 81 0
3351 2033 6 2,1,9,8,3,6,5,4,7 2 0
3352 2033 69 4,2,1,5,9,7,8,6,3 190 0
3353 2034 54 1,4,2,7,3,8,6,5,9 191 0
3354 2034 64 3,1,2,8,7,9,6,5,4 183 0
3355 2035 78 2,3,1,9,6,4,5,7,8 6 0
3356 2035 79 3,2,4,1,8,5,9,6,7 6 0
3357 2037 45 1,2,7,8,3,4,6,5,9 0 0
3358 2037 52 1,2,3,5,8,6,9,7,4 1 0
3359 2037 59 1,2,3,4,6,5,7,8,9 0 0
3360 2038 8 7,2,8,9,3,6,1,4,5 157 0
3361 2038 33 3,4,6,2,1,5,7,8,9 159 0
3362 2038 36 2,1,3,4,9,7,6,5,8 3 0
3363 2041 60 2,4,1,6,8,7,3,9,5 118 0
3364 2041 72 1,2,4,5,3,6,8,7,9 3 0
3365 2042 49 1,7,2,6,9,4,5,3,8 60 0
3366 2044 53 1,4,6,8,9,2,3,7,5 8 0
3367 2045 74 4,2,3,1,7,9,8,5,6 118 0
3368 2047 6 2,1,5,6,4,3,7,9,8 1 0
3369 2047 47 3,1,2,6,8,7,9,4,5 3 0
3370 2047 55 6,8,4,5,1,3,7,2,9 48 0
3371 2047 61 1,4,2,8,7,5,6,3,9 128 0
3372 2047 74 4,1,3,9,7,6,2,5,8 128 0
3373 2048 56 4,3,2,8,9,5,1,7,6 116 0
3374 2049 54 3,1,2,4,5,8,6,9,7 172 0
3375 2051 66 1,2,4,6,9,8,3,5,7 0 0
3376 2051 67 9,1,2,5,3,6,4,8,7 79 0
3377 2052 76 2,1,9,3,7,5,4,6,8 2 0
3378 2053 27 2,3,4,9,5,1,7,8,6 0 0
3379 2059 13 2,3,4,5,9,7,8,1,6 175 0
3380 2060 70 1,3,4,5,2,6,8,9,7 19 0
3381 2063 43 1,4,7,3,5,2,9,6,8 232 0
3382 2063 51 1,5,4,3,8,7,2,6,9 6 0
3383 2064 48 1,2,3,4,5,6,7,9,8 0 0
3384 2066 55 8,2,6,1,9,5,4,3,7 205 0
3385 2066 75 1,2,6,9,3,4,5,7,8 0 0
3386 2067 7 2,3,7,1,4,8,9,6,5 41 0
3387 2069 13 3,7,2,5,9,8,4,6,1 204 0
3388 2071 51 2,1,6,3,7,8,5,4,9 0 0
3389 2071 60 1,3,4,5,7,8,9,6,2 7 0
3390 2074 22 1,2,3,5,9,6,8,4,7 0 0
3391 2074 47 3,1,4,5,2,7,8,6,9 188 0
3392 2075 39 3,2,1,6,7,5,4,9,8 137 0
3393 2078 30 4,1,5,7,2,6,3,8,9 118 0
3394 2080 73 2,3,7,1,4,6,5,9,8 196 0
3395 2080 82 3,5,1,6,4,9,7,2,8 95 0
3396 2083 58 1,8,2,5,4,3,9,6,7 81 0
3397 2086 69 2,1,3,5,6,7,4,9,8 3 0
3398 2087 44 1,2,3,4,5,7,6,8,9 0 0
3399 2089 40 4,2,1,5,3,8,6,9,7 252 0
3400 2090 43 3,1,2,4,7,6,8,5,9 252 0
3401 2091 32 2,1,6,5,4,7,3,8,9 1 0
3402 2092 64 2,1,5,4,6,7,9,3,8 3 0
3403 2093 64 1,5,2,3,4,8,6,7,9 19 0
3404 2093 80 7,9,8,4,6,5,1,2,3 0 0
3405 2094 25 1,3,5,2,6,8,4,9,7 73 0
3406 2095 23 1,5,2,3,9,6,4,8,7 38 0
3407 2097 54 2,1,4,3,5,9,8,6,7 0 0
3408 2097 74 1,2,9,4,5,6,8,3,7 2 0
3409 2097 76 1,2,3,9,4,6,8,5,7 0 0
3410 2098 53 5,4,2,3,6,8,9,1,7 235 0
3411 2098 81 1,2,5,7,4,6,3,8,9 0 0
3412 2099 54 3,4,1,2,6,5,9,8,7 128 0
3413 2100 28 1,2,4,3,5,8,7,6,9 3 0
3414 2100 72 1,2,3,4,9,5,7,6,8 0 0
3415 2100 73 1,2,3,7,5,4,6,8,9 0 0
3416 2101 78 2,3,1,4,5,8,6,7,9 6 0
3417 2104 25 1,7,2,5,4,6,3,8,9 206 0
3418 2104 34 2,4,1,6,7,3,5,9,8 142 0
3419 2104 37 2,5,1,4,8,6,3,7,9 238 0
3420 2104 48 7,1,2,5,3,6,4,9,8 143 0
3421 2105 49 1,5,2,6,4,3,7,9,8 22 0
3422 2105 52 1,3,6,2,4,5,8,7,9 2 0
3423 2105 55 6,3,1,5,2,8,9,7,4 50 0
3424 2105 75 1,6,2,3,4,5,7,9,8 23 0
3425 2106 60 4,1,5,3,7,2,6,8,9 255 0
3426 2109 55 6,5,4,7,3,2,1,8,9 151 0
3427 2110 80 3,4,8,2,1,5,7,6,9 32 0
3428 2115 82 1,2,6,3,4,5,7,9,8 1 0
3429 2122 32 1,3,2,4,7,5,6,8,9 246 0
3430 2122 53 1,2,3,4,6,5,7,8,9 0 0
3431 2122 75 1,5,6,2,3,4,7,9,8 131 0
3432 2122 82 1,5,6,2,3,4,7,9,8 131 0
3433 2123 47 1,3,2,6,4,7,5,8,9 22 0
3434 2123 73 1,4,5,6,2,7,9,8,3 73 0
3435 2124 51 1,3,5,4,6,7,2,8,9 6 0
3436 2124 65 5,1,6,4,7,9,8,3,2 16 0
3437 2125 79 3,1,2,4,6,5,7,9,8 67 0
3438 2127 52 1,2,3,4,6,9,5,7,8 0 0
3439 2127 79 1,3,6,2,8,5,4,9,7 252 0
3440 2135 10 5,8,3,4,7,6,2,9,1 155 0
3441 2135 47 5,7,6,3,4,1,8,2,9 63 0
3442 2135 76 1,8,3,4,5,6,7,9,2 128 0
3443 2135 77 5,1,7,6,4,2,3,8,9 110 0
3444 2136 60 1,3,5,6,2,4,9,8,7 6 0
3445 2137 54 1,5,3,7,6,2,4,9,8 18 0
3446 2137 74 1,4,9,5,6,3,8,2,7 1 0
3447 2138 80 1,4,3,5,2,6,7,8,9 239 0
3448 2140 29 5,1,4,9,2,8,3,7,6 41 0
3449 2140 43 2,1,3,4,9,8,5,6,7 3 0
3450 2140 76 3,1,5,6,9,2,4,7,8 249 0
3451 2140 79 2,1,4,3,9,5,8,6,7 0 0
3452 2141 40 3,1,2,6,5,8,4,7,9 252 0
3453 2142 55 6,5,1,2,8,7,3,4,9 189 0
3454 2143 50 2,1,6,4,7,8,9,3,5 0 0
3455 2144 67 1,2,7,4,3,5,9,6,8 2 0
3456 2146 61 1,2,9,4,5,6,8,3,7 3 0
3457 2149 19 1,6,4,2,7,9,3,5,8 232 0
3458 2149 54 1,7,4,9,2,3,8,6,5 201 0
3459 2151 81 5,4,1,8,3,6,9,2,7 246 0
3460 2154 33 1,4,2,5,9,6,8,3,7 54 0
3461 2154 80 1,2,6,5,4,9,7,8,3 1 0
3462 2155 53 1,3,9,4,6,5,8,7,2 7 0
3463 2156 49 2,1,3,5,7,4,6,9,8 3 0
3464 2157 80 1,2,6,5,9,4,7,8,3 3 0
3465 2163 55 7,2,1,4,3,5,6,8,9 0 0
3466 2164 70 5,1,4,7,6,9,8,3,2 6 0
3467 2165 75 2,5,3,1,4,8,7,6,9 2 0
3468 2167 34 1,2,3,4,5,7,8,6,9 0 0
3469 2168 59 3,2,1,6,7,9,8,4,5 89 0
3470 2169 49 2,1,3,4,6,7,5,8,9 3 0
3471 2171 29 1,2,3,7,6,4,5,8,9 0 0
3472 2172 69 1,4,2,6,5,3,8,9,7 246 0
3473 2172 75 1,5,6,8,2,4,9,3,7 246 0
3474 2175 28 1,3,4,2,6,8,5,9,7 83 0
3475 2175 55 1,2,7,6,3,9,5,4,8 1 0
3476 2176 44 4,3,6,8,7,5,9,1,2 191 0
3477 2177 70 1,2,5,8,4,3,6,9,7 1 0
3478 2177 74 2,1,4,8,3,5,6,9,7 2 0
3479 2179 19 1,3,4,6,2,5,7,8,9 141 0
3480 2179 43 1,3,4,7,5,2,8,6,9 141 0
3481 2179 68 1,2,9,4,5,6,8,7,3 0 0
3482 2183 75 1,4,5,8,9,7,2,3,6 73 0
3483 2185 15 2,3,4,1,5,7,8,9,6 224 0
3484 2185 76 2,7,4,9,8,6,1,3,5 226 0
3485 2185 81 4,2,1,5,8,3,9,7,6 27 0
3486 2187 68 3,1,2,4,5,7,6,9,8 12 0
3487 2187 80 1,2,4,5,6,3,8,7,9 3 0
3488 2189 40 1,3,4,2,5,6,7,9,8 19 0
3489 2189 76 2,6,4,5,3,9,8,7,1 193 0
3490 2189 81 2,3,1,5,4,8,7,6,9 18 0
3491 2190 68 2,1,3,4,5,6,9,7,8 3 0
3492 2190 75 1,3,7,8,9,2,5,6,4 19 0
3493 2192 44 1,6,2,5,3,4,7,8,9 161 0
3494 2192 60 1,2,7,4,6,3,8,9,5 1 0
3495 2192 79 3,1,7,2,4,8,9,6,5 6 0
3496 2193 32 1,2,3,6,7,9,8,4,5 0 0
3497 2193 75 1,3,5,2,6,9,7,4,8 23 0
3498 2193 82 1,6,8,5,4,2,3,9,7 224 0
3499 2197 40 1,2,3,5,7,4,6,9,8 3 0
3500 2201 61 1,2,3,5,7,4,6,8,9 3 0
3501 2202 43 1,3,2,5,4,8,9,6,7 6 0
3502 2203 48 1,4,6,2,3,5,9,7,8 7 0
3503 2203 70 1,6,2,7,3,4,5,9,8 206 0
3504 2205 67 4,1,3,2,5,6,7,8,9 6 0
3505 2205 75 5,6,1,3,7,8,2,4,9 63 0
3506 2207 39 2,1,6,7,5,3,8,4,9 2 0
3507 2209 62 3,4,1,7,2,6,8,5,9 243 0
3508 2211 61 1,2,3,4,6,7,5,8,9 0 0
3509 2215 65 1,2,3,4,5,8,7,6,9 0 0
3510 2215 67 1,3,5,7,9,4,2,8,6 172 0
3511 2216 15 1,2,4,3,5,8,9,6,7 3 0
3512 2217 43 3,7,5,4,6,8,9,2,1 103 0
3513 2217 61 1,3,2,4,9,8,5,7,6 6 0
3514 2219 65 1,2,3,4,5,6,7,8,9 0 0
3515 2219 79 1,3,5,2,4,6,7,9,8 156 0
3516 2220 8 1,2,4,8,3,7,5,6,9 1 0
3517 2223 63 1,5,3,4,6,2,7,8,9 252 0
3518 2228 1 2,6,1,3,7,4,9,8,5 43 0
3519 2228 16 7,6,1,8,5,2,3,4,9 50 0
3520 2228 25 4,2,9,3,5,1,6,7,8 1 0
3521 2228 44 1,8,9,4,2,5,7,6,3 50 0
3522 2228 47 1,4,5,6,9,8,7,2,3 0 0
3523 2228 58 2,8,1,7,6,3,9,4,5 171 0
3524 2228 71 7,6,2,9,1,8,3,4,5 50 0
3525 2228 82 6,3,1,9,2,4,5,8,7 13 0
3526 2228 83 1,7,2,6,9,8,3,4,5 76 0
3527 2229 27 1,2,4,3,5,6,7,8,9 3 0
3528 2230 19 2,6,5,4,3,8,7,1,9 35 0
3529 2230 40 3,7,1,4,8,2,6,5,9 155 0
3530 2230 51 2,3,1,7,4,6,5,9,8 6 0
3531 2230 63 7,5,6,1,4,8,2,9,3 171 0
3532 2230 77 3,1,9,2,4,7,6,5,8 22 0
3533 2232 32 1,3,2,4,6,8,9,5,7 102 0
3534 2232 54 1,3,5,2,7,4,8,6,9 99 0
3535 2232 78 2,3,1,6,4,5,9,7,8 98 0
3536 2233 42 2,3,1,5,4,6,7,9,8 6 0
3537 2235 17 2,3,1,6,4,7,8,9,5 4 0
3538 2237 33 8,3,2,5,1,9,4,6,7 255 0
3539 2237 49 1,2,5,3,4,7,8,9,6 1 0
3540 2238 24 1,3,7,5,9,2,8,4,6 210 0
3541 2238 78 1,3,4,7,5,8,2,9,6 211 0
3542 2239 67 1,2,4,5,8,3,7,9,6 2 0
3543 2240 43 1,2,9,3,6,5,4,8,7 3 0
3544 2241 66 3,2,5,1,7,9,8,4,6 249 0
3545 2242 37 1,2,9,3,5,8,4,7,6 2 0
3546 2244 28 1,3,2,5,8,4,9,6,7 38 0
3547 2244 55 1,2,4,3,5,8,7,6,9 3 0
3548 2245 49 1,3,5,2,4,8,6,7,9 124 0
3549 2245 56 7,1,2,6,3,4,5,9,8 104 0
3550 2245 61 1,4,6,2,3,5,9,7,8 40 0
3551 2247 27 3,2,5,1,4,9,6,7,8 175 0
3552 2247 49 3,1,2,5,8,7,9,4,6 2 0
3553 2247 50 2,3,1,4,5,6,8,9,7 169 0
3554 2247 65 1,2,3,4,5,9,6,8,7 0 0
3555 2247 80 4,3,1,2,7,5,6,9,8 3 0
3556 2248 55 4,1,3,2,6,8,9,5,7 9 0
3557 2248 71 1,2,3,8,7,4,5,6,9 0 0
3558 2249 12 1,2,6,3,7,4,5,8,9 2 0
3559 2252 37 2,1,3,9,6,5,7,8,4 2 0
3560 2252 81 3,1,2,6,7,4,5,8,9 3 0
3561 2253 79 1,2,3,4,6,5,7,8,9 0 0
3562 2258 53 1,2,3,4,8,5,6,7,9 0 0
3563 2258 57 1,2,3,4,7,5,8,6,9 0 0
3564 2259 68 1,3,4,6,5,8,7,9,2 7 0
3565 2261 44 2,5,1,3,4,6,8,7,9 16 0
3566 2263 62 1,2,3,6,5,4,7,8,9 0 0
3567 2267 28 1,2,4,7,5,6,3,8,9 2 0
3568 2267 31 1,3,2,5,8,6,9,4,7 211 0
3569 2267 48 3,1,6,2,4,8,5,7,9 214 0
3570 2267 61 6,3,4,7,8,1,2,5,9 32 0
3571 2267 81 1,2,3,5,6,8,4,7,9 2 0
3572 2268 13 1,2,8,5,4,6,9,7,3 3 0
3573 2268 18 1,3,2,5,4,7,6,8,9 173 0
3574 2268 26 1,6,3,2,4,5,8,9,7 128 0
3575 2268 39 2,1,6,3,9,4,8,7,5 0 0
3576 2268 53 2,4,1,3,8,7,5,6,9 169 0
3577 2268 76 1,2,5,6,3,9,8,7,4 0 0
3578 2269 34 1,2,3,4,6,7,8,5,9 0 0
3579 2269 80 1,2,4,3,7,8,6,9,5 3 0
3580 2270 50 1,2,6,4,5,8,9,3,7 0 0
3581 2270 59 1,4,5,2,3,8,6,7,9 230 0
3582 2270 76 2,1,7,5,3,6,4,9,8 3 0
3583 2270 81 1,2,4,5,3,7,8,9,6 1 0
3584 2271 6 4,2,1,7,3,8,5,6,9 3 0
3585 2271 61 3,1,2,4,6,8,7,5,9 28 0
3586 2271 72 2,7,1,5,8,3,4,6,9 61 0
3587 2271 81 3,1,2,5,7,4,9,8,6 28 0
3588 2272 34 2,1,6,3,5,7,4,8,9 3 0
3589 2272 83 1,2,3,4,6,7,8,5,9 0 0
3590 2273 47 2,3,1,6,8,5,4,9,7 70 0
3591 2273 54 1,2,3,4,5,7,9,8,6 0 0
3592 2274 44 1,2,3,4,9,5,6,7,8 0 0
3593 2274 83 1,2,4,9,7,3,8,6,5 2 0
3594 2275 76 1,2,3,4,6,5,8,7,9 0 0
3595 2278 55 1,2,6,4,7,3,8,5,9 1 0
3596 2278 70 1,4,2,3,5,6,7,9,8 9 0
3597 2279 75 1,5,2,3,6,4,9,8,7 18 0
3598 2279 83 1,2,7,4,9,3,5,6,8 0 0
3599 2282 40 3,5,1,4,2,6,8,7,9 48 0
3600 2282 65 3,1,4,2,5,9,6,7,8 6 0
3601 2283 75 4,8,7,1,2,3,5,6,9 25 0
3602 2285 58 1,3,4,2,6,9,5,7,8 60 0
3603 2285 81 1,3,4,6,7,2,8,5,9 56 0
3604 2287 43 3,1,2,7,6,5,8,4,9 86 0
3605 2287 82 1,6,7,4,8,2,3,5,9 32 0
3606 2287 83 1,7,6,2,3,9,4,5,8 18 0
3607 2290 61 2,1,3,5,6,4,7,9,8 2 0
3608 2290 82 1,2,3,4,5,6,7,8,9 0 0
3609 2291 76 1,5,2,3,6,4,8,7,9 83 0
3610 2297 68 1,2,4,5,3,7,6,9,8 3 0
3611 2298 55 2,4,3,5,1,9,6,7,8 46 0
3612 2298 61 3,7,1,2,4,5,9,6,8 71 0
3613 2299 30 1,2,3,4,5,6,7,8,9 0 0
3614 2299 44 1,9,2,3,8,4,5,6,7 237 0
3615 2299 51 1,2,6,3,5,4,7,9,8 3 0
3616 2299 73 1,8,2,4,3,9,6,5,7 225 0
3617 2300 42 3,2,1,5,4,7,8,6,9 0 0
3618 2300 52 1,2,3,5,9,4,7,6,8 0 0
3619 2300 77 1,2,3,7,4,5,8,6,9 0 0
3620 2301 14 2,3,1,4,7,5,6,8,9 249 0
3621 2305 82 1,7,2,4,3,5,8,6,9 198 0
3622 2306 78 6,3,4,8,5,7,9,1,2 180 0
3623 2308 46 1,2,6,9,8,4,5,3,7 3 0
3624 2308 70 1,2,3,5,4,6,8,7,9 0 0
3625 2309 20 4,2,6,3,5,7,1,8,9 75 0
3626 2309 52 9,1,8,2,6,4,3,5,7 252 0
3627 2309 74 8,1,9,2,3,5,6,4,7 240 0
3628 2310 23 1,2,3,4,5,6,8,7,9 0 0
3629 2310 43 1,4,8,3,9,7,6,2,5 6 0
3630 2310 78 2,5,1,4,8,3,9,7,6 112 0
3631 2311 43 2,4,1,7,3,5,6,9,8 12 0
3632 2313 8 1,4,6,3,7,2,5,8,9 9 0
3633 2313 52 1,2,3,5,6,4,7,8,9 2 0
3634 2313 78 1,3,4,5,6,7,2,8,9 204 0
3635 2314 51 1,2,3,4,5,6,7,8,9 0 0
3636 2316 51 3,9,4,5,2,1,8,6,7 187 0
3637 2316 73 1,8,2,9,3,6,5,4,7 201 0
3638 2317 65 3,4,5,2,8,6,9,7,1 32 0
3639 2317 66 2,5,4,7,6,3,9,1,8 145 0
3640 2318 74 2,1,3,8,4,9,5,7,6 3 0
3641 2319 48 1,2,5,3,4,6,8,7,9 1 0
3642 2320 3 2,6,5,7,3,1,8,4,9 32 0
3643 2320 27 2,1,9,3,6,4,5,7,8 0 0
3644 2320 49 3,1,2,6,5,8,4,7,9 39 0
3645 2326 13 1,7,2,3,9,8,6,4,5 105 0
3646 2326 23 6,4,1,2,8,3,9,7,5 40 0
3647 2326 39 7,1,3,9,2,6,4,5,8 105 0
3648 2326 65 3,1,7,9,6,2,4,8,5 249 0
3649 2326 68 1,3,7,9,6,2,5,8,4 252 0
3650 2327 74 1,2,3,7,4,5,6,8,9 0 0
3651 2328 55 7,1,3,5,2,4,8,6,9 14 0
3652 2329 72 1,4,3,6,2,7,5,8,9 192 0
3653 2330 81 3,5,1,2,8,6,4,9,7 255 0
3654 2331 81 1,4,3,6,2,9,8,7,5 9 0
3655 2332 71 2,4,8,3,1,5,6,7,9 102 0
3656 2333 59 2,5,1,8,3,4,7,6,9 123 0
3657 2334 79 3,5,1,2,4,6,8,7,9 232 0
3658 2335 54 1,2,3,4,5,6,7,9,8 0 0
3659 2336 71 1,6,8,7,9,3,2,5,4 17 0
3660 2336 82 2,3,4,1,5,7,6,9,8 32 0
3661 2337 70 2,6,5,8,4,1,3,9,7 9 0
3662 2338 82 3,2,4,5,9,8,7,6,1 6 0
3663 2339 75 4,5,7,1,2,3,8,6,9 89 0
3664 2341 29 1,4,7,5,8,3,2,6,9 216 0
3665 2341 72 1,2,3,4,7,5,6,9,8 0 0
3666 2342 9 1,2,4,5,3,9,7,8,6 3 0
3667 2342 75 1,3,2,4,9,7,5,6,8 6 0
3668 2343 72 5,3,2,4,7,1,6,9,8 214 0
3669 2344 4 1,3,4,2,7,6,5,9,8 44 0
3670 2348 48 1,4,2,5,3,7,6,8,9 239 0
3671 2348 83 1,2,3,4,6,5,9,7,8 0 0
3672 2351 39 1,3,5,2,4,7,8,6,9 252 0
3673 2351 50 3,4,2,1,5,6,8,7,9 252 0
3674 2351 82 1,2,5,3,4,6,7,8,9 3 0
3675 2354 56 3,4,6,2,1,7,8,5,9 176 0
3676 2356 65 4,1,2,8,5,6,3,9,7 39 0
3677 2358 32 1,2,6,4,5,7,3,8,9 2 0
3678 2358 44 8,7,9,3,1,4,2,5,6 31 0
3679 2359 81 1,2,3,4,6,7,8,5,9 0 0
3680 2363 68 1,2,3,4,5,7,6,8,9 0 0
3681 2366 44 1,3,4,2,5,7,9,8,6 124 0
3682 2366 56 3,2,1,4,6,7,5,9,8 127 0
3683 2370 28 3,1,2,4,7,6,5,9,8 211 0
3684 2370 59 1,4,6,2,5,7,3,9,8 255 0
3685 2375 21 3,5,1,2,6,4,8,9,7 192 0
3686 2375 48 1,4,2,3,6,5,7,8,9 246 0
3687 2376 40 1,2,3,4,5,7,6,8,9 0 0
3688 2380 55 8,4,1,6,9,5,7,2,3 180 0
3689 2381 54 1,2,3,8,6,4,5,9,7 0 0
3690 2381 76 9,1,3,5,6,2,8,4,7 128 0
3691 2382 76 3,1,5,8,4,6,2,9,7 83 0
3692 2382 77 6,1,8,2,3,4,5,7,9 32 0
3693 2383 37 4,1,2,7,6,5,9,3,8 104 0
3694 2383 48 2,4,1,6,3,8,5,7,9 97 0
3695 2384 62 1,2,5,8,3,4,7,6,9 0 0
3696 2387 35 7,1,4,6,3,9,2,8,5 224 0
3697 2387 44 1,7,6,2,8,3,4,5,9 224 0
3698 2387 47 7,1,6,2,3,9,4,8,5 161 0
3699 2387 54 7,6,1,4,8,5,2,3,9 235 0
3700 2387 70 6,1,7,2,9,5,8,3,4 161 0
3701 2388 65 2,4,5,1,3,9,6,8,7 91 0
3702 2389 42 3,2,5,1,4,8,6,7,9 4 0
3703 2391 41 1,2,5,3,4,6,9,7,8 0 0
3704 2394 60 2,8,1,4,3,5,6,9,7 131 0
3705 2394 79 2,4,1,5,6,7,3,8,9 137 0
3706 2395 27 1,4,2,9,5,8,7,6,3 73 0
3707 2395 55 1,2,3,4,6,5,7,9,8 0 0
3708 2395 73 1,3,2,4,5,8,6,9,7 6 0
3709 2400 68 3,2,1,7,6,4,8,9,5 16 0
3710 2400 78 1,2,3,6,9,4,5,8,7 0 0
3711 2401 68 3,1,2,6,7,4,9,5,8 39 0
3712 2402 75 1,2,3,5,4,7,6,8,9 0 0
3713 2405 54 8,1,3,4,2,5,9,6,7 1 0
3714 2405 74 1,2,3,9,5,8,4,6,7 0 0
3715 2406 33 1,2,3,4,7,5,8,9,6 0 0
3716 2413 66 1,2,5,4,9,8,6,3,7 1 0
3717 2415 13 8,1,4,2,9,3,5,6,7 128 0
3718 2415 18 1,5,3,9,2,8,6,4,7 19 0
3719 2415 52 4,3,8,6,2,1,7,9,5 160 0
3720 2417 59 1,5,3,4,2,6,7,8,9 246 0
3721 2425 53 2,1,4,9,6,5,8,3,7 3 0
3722 2426 68 6,4,2,1,3,5,7,8,9 19 0
3723 2429 61 4,1,2,3,5,8,6,7,9 128 0
3724 2433 17 1,5,3,2,6,7,9,8,4 32 0
3725 2440 64 1,2,5,4,3,8,9,6,7 0 0
3726 2440 74 1,2,7,4,3,9,5,6,8 0 0
3727 2442 74 1,7,9,2,6,5,3,8,4 33 0
3728 2444 72 1,2,4,3,5,6,7,8,9 3 0
3729 2450 24 1,2,6,9,3,5,4,8,7 1 0
3730 2450 65 8,5,9,7,6,4,1,2,3 144 0
3731 2451 46 1,3,6,2,8,4,5,9,7 73 0
3732 2452 68 1,2,4,7,3,6,5,9,8 2 0
3733 2453 35 2,5,1,4,6,7,3,9,8 145 0
3734 2454 56 5,7,1,3,8,4,2,6,9 33 0
3735 2455 38 8,4,6,7,9,2,3,5,1 70 0
3736 2455 66 1,4,5,2,3,6,9,8,7 198 0
3737 2456 16 1,2,9,8,5,6,7,4,3 0 0
3738 2457 12 1,2,3,4,5,7,6,8,9 0 0
3739 2457 78 1,2,7,5,9,6,8,3,4 3 0
3740 2463 44 4,1,2,3,7,8,5,6,9 64 0
3741 2463 83 1,4,5,3,9,6,8,2,7 73 0
3742 2471 62 1,2,4,3,5,6,7,8,9 3 0
3743 2472 30 2,9,3,8,4,7,1,5,6 0 0
3744 2472 44 1,7,8,4,2,9,3,5,6 34 0
3745 2472 52 1,4,5,9,7,8,6,3,2 9 0
3746 2472 62 1,6,8,2,5,9,7,3,4 2 0
3747 2472 82 8,6,4,1,2,9,7,5,3 29 0
3748 2473 34 2,1,6,3,5,7,4,8,9 1 0
3749 2474 61 2,1,4,5,7,6,9,3,8 2 0
3750 2478 55 1,8,7,6,5,4,2,3,9 15 0
3751 2479 25 3,1,4,2,6,5,9,7,8 166 0
3752 2481 59 1,3,2,4,8,5,7,6,9 102 0
3753 2483 44 1,2,3,5,6,4,7,9,8 0 0
3754 2484 11 4,2,3,6,5,8,7,1,9 44 0
3755 2484 12 1,3,2,4,5,6,7,8,9 38 0
3756 2485 58 3,1,2,4,7,5,9,6,8 3 0
3757 2486 32 1,2,7,6,4,5,3,8,9 3 0
3758 2486 71 1,7,4,6,2,5,3,9,8 201 0
3759 2487 6 5,2,1,6,7,4,3,8,9 15 0
3760 2487 7 5,4,6,3,2,7,1,8,9 24 0
3761 2488 16 3,1,5,4,2,7,8,9,6 131 0
3762 2488 29 2,1,5,3,7,6,9,8,4 1 0
3763 2490 39 1,2,5,6,3,7,8,9,4 2 0
3764 2507 15 1,2,6,4,3,7,5,9,8 3 0
3765 2507 29 1,2,4,6,3,5,7,8,9 0 0
3766 2507 43 1,2,3,4,5,6,8,9,7 0 0
3767 2507 46 1,2,3,7,5,6,4,8,9 0 0
3768 2507 50 5,2,1,4,3,8,6,7,9 0 0
3769 2507 58 2,1,5,3,9,4,6,8,7 3 0
3770 2507 80 1,2,3,4,5,6,7,8,9 0 0
3771 2508 55 1,2,3,4,6,5,7,8,9 0 0
3772 2508 73 1,3,2,4,5,8,6,7,9 6 0
3773 2509 55 3,4,8,5,7,9,6,1,2 75 0
3774 2509 60 1,3,4,5,9,2,6,7,8 71 0
3775 2510 68 2,7,9,3,1,4,6,5,8 50 0
3776 2511 55 2,5,1,4,9,3,6,7,8 73 0
3777 2513 69 1,2,3,4,7,6,5,8,9 0 0
3778 2518 34 1,2,6,4,3,8,7,5,9 0 0
3779 2518 65 1,2,3,4,6,7,5,8,9 0 0
3780 2518 73 2,4,1,8,6,5,3,7,9 11 0
3781 2518 77 1,4,2,6,8,7,9,3,5 102 0
3782 2519 31 3,1,5,9,8,4,6,7,2 131 0
3783 2519 71 2,4,1,6,8,3,5,7,9 97 0
3784 2522 77 2,4,1,7,3,5,6,8,9 81 0
3785 2523 26 4,8,1,6,2,3,5,9,7 70 0
3786 2524 54 1,5,8,6,2,3,7,4,9 104 0
3787 2524 78 3,1,2,4,8,5,6,9,7 3 0
3788 2526 75 2,1,3,6,4,7,5,8,9 3 0
3789 2526 82 3,2,1,8,6,4,7,5,9 255 0
3790 2527 66 1,2,3,4,7,6,8,5,9 0 0
3791 2527 78 6,3,1,5,2,4,7,8,9 48 0
3792 2530 51 3,6,4,5,1,2,7,9,8 255 0
3793 2533 22 2,4,9,8,5,1,3,6,7 177 0
3794 2533 33 1,3,2,7,5,4,6,8,9 201 0
3795 2534 82 6,1,2,8,7,3,9,4,5 232 0
3796 2539 81 1,2,3,6,4,7,8,5,9 3 0
3797 2542 17 1,2,4,7,5,8,3,9,6 1 0
3798 2542 76 1,2,7,8,9,3,5,4,6 2 0
3799 2542 79 1,2,4,7,5,3,6,9,8 1 0
3800 2543 73 1,3,4,5,2,6,8,7,9 7 0
3801 2545 57 5,2,8,1,4,3,7,6,9 93 0
3802 2546 64 4,3,5,2,6,9,8,1,7 92 0
3803 2546 83 3,6,8,2,5,4,9,7,1 124 0
3804 2550 25 1,3,2,5,6,7,8,4,9 217 0
3805 2550 75 5,1,6,4,2,3,7,9,8 129 0
3806 2550 80 4,1,6,5,3,2,8,7,9 153 0
3807 2551 53 5,4,2,3,8,6,9,1,7 235 0
3808 2551 60 1,3,4,5,2,8,7,6,9 179 0
3809 2552 83 4,5,1,7,2,3,8,6,9 23 0
3810 2555 68 4,5,6,8,3,7,9,1,2 175 0
3811 2556 26 1,4,6,2,5,7,3,9,8 46 0
3812 2556 55 1,5,3,4,2,6,7,9,8 144 0
3813 2557 82 3,1,2,8,6,7,5,4,9 252 0
3814 2558 65 1,2,3,6,4,5,7,8,9 0 0
3815 2564 66 9,2,3,5,4,1,6,7,8 246 0
3816 2565 5 1,3,4,2,9,6,7,8,5 19 0
3817 2566 63 1,8,4,3,2,6,7,5,9 233 0
3818 2567 67 5,1,3,2,4,8,9,7,6 19 0
3819 2569 65 4,6,5,1,3,2,8,7,9 198 0
3820 2570 75 1,3,6,2,4,8,7,5,9 61 0
3821 2571 31 1,2,3,4,5,6,8,7,9 0 0
3822 2571 77 5,2,1,3,4,6,7,8,9 0 0
3823 2573 67 3,5,8,1,4,2,7,6,9 4 0
3824 2574 68 2,1,5,4,3,8,7,9,6 2 0
3825 2576 61 1,5,6,2,7,3,4,8,9 248 0
3826 2576 76 2,1,9,6,4,8,3,5,7 2 0
3827 2579 61 3,5,1,2,6,4,9,7,8 247 0
3828 2579 62 1,2,4,7,8,3,5,9,6 3 0
3829 2580 76 1,2,3,9,5,6,4,7,8 0 0
3830 2580 79 2,4,1,6,5,7,3,8,9 137 0
3831 2584 73 2,1,3,7,5,4,6,8,9 3 0
3832 2585 62 4,3,1,6,2,5,7,8,9 76 0
3833 2586 26 4,3,2,6,1,7,5,8,9 252 0
3834 2586 45 1,2,3,4,7,6,5,9,8 0 0
3835 2586 78 6,3,5,1,2,4,7,8,9 20 0
3836 2587 83 2,4,3,1,5,6,7,8,9 140 0
3837 2589 19 6,2,5,1,7,3,4,8,9 102 0
3838 2589 77 2,3,6,4,7,1,5,9,8 66 0
3839 2590 79 2,4,7,1,6,5,3,8,9 76 0
3840 2592 66 1,2,5,3,4,6,7,8,9 3 0
3841 2592 81 6,2,4,1,3,5,7,8,9 27 0
3842 2593 79 2,4,1,6,5,7,3,8,9 137 0
3843 2595 53 6,4,2,1,3,8,5,9,7 174 0
3844 2596 66 4,5,3,7,2,1,8,6,9 228 0
3845 2600 65 1,2,3,6,7,8,4,5,9 3 0
3846 2601 68 1,4,3,8,6,2,9,5,7 239 0
3847 2603 53 1,3,9,4,2,5,8,6,7 2 0
3848 2603 69 1,4,3,2,8,9,5,7,6 0 0
3849 2604 18 1,4,2,7,9,6,8,5,3 9 0
3850 2604 48 4,1,2,8,3,5,9,6,7 1 0
3851 2604 81 5,2,1,6,9,4,3,7,8 66 0
3852 2604 82 1,2,3,9,7,4,8,5,6 0 0
3853 2606 51 1,2,3,5,4,8,6,7,9 3 0
3854 2609 19 1,2,3,6,5,4,8,7,9 0 0
3855 2609 44 1,2,3,5,6,4,7,8,9 0 0
3856 2609 76 5,7,2,8,6,1,3,4,9 223 0
3857 2612 64 2,5,4,6,3,8,1,7,9 3 0
3858 2615 51 4,1,8,3,5,6,7,2,9 1 0
3859 2619 76 4,1,2,7,6,3,5,8,9 0 0
3860 2620 55 3,1,6,2,4,5,9,7,8 70 0
3861 2620 74 1,4,2,3,5,6,9,7,8 70 0
3862 2623 14 2,1,4,6,9,3,5,8,7 3 0
3863 2623 55 1,3,4,5,2,6,7,9,8 7 0
3864 2623 63 2,1,5,6,7,4,3,9,8 3 0
3865 2623 73 2,1,3,7,4,9,5,8,6 2 0
3866 2624 21 1,9,8,2,5,6,3,7,4 19 0
3867 2624 27 2,3,1,4,6,7,5,8,9 118 0
3868 2627 62 6,7,4,8,3,1,2,5,9 160 0
3869 2627 80 1,2,3,4,5,6,7,9,8 0 0
3870 2628 58 1,6,7,8,4,5,9,2,3 108 0
3871 2630 82 6,5,7,2,1,3,4,9,8 32 0
3872 2631 28 1,3,2,4,7,6,5,9,8 6 0
3873 2631 82 1,2,6,7,3,4,8,9,5 3 0
3874 2634 39 3,5,2,8,6,1,9,4,7 253 0
3875 2641 66 9,1,3,5,2,7,4,6,8 222 0
3876 2642 66 1,2,5,6,3,9,7,4,8 3 0
3877 2642 73 9,1,2,4,3,5,6,8,7 34 0
3878 2646 43 8,1,3,2,9,6,4,5,7 129 0
3879 2654 4 3,1,2,4,6,7,5,9,8 92 0
3880 2655 25 2,1,3,6,4,9,5,8,7 3 0
3881 2655 69 1,3,2,6,4,5,7,8,9 134 0
3882 2656 40 1,2,3,6,7,9,4,5,8 0 0
3883 2656 69 3,1,5,6,9,7,8,2,4 185 0
3884 2658 72 1,2,5,4,7,6,3,9,8 0 0
3885 2659 41 3,2,6,1,5,4,7,8,9 79 0
3886 2659 64 2,5,1,3,4,8,6,7,9 176 0
3887 2659 76 1,6,5,3,4,9,8,2,7 15 0
3888 2660 71 4,3,1,2,8,6,7,5,9 44 0
3889 2664 80 2,1,4,3,5,8,6,9,7 0 0
3890 2665 83 3,5,1,7,8,2,6,4,9 56 0
3891 2671 28 3,1,2,4,7,6,5,9,8 211 0
3892 2676 82 6,3,1,8,4,2,7,5,9 22 0
3893 2678 22 1,3,2,4,9,8,6,5,7 217 0
3894 2679 66 1,3,4,5,6,7,2,8,9 134 0
3895 2680 56 1,2,3,5,4,7,8,6,9 255 0
3896 2693 17 2,4,1,7,9,3,5,6,8 9 0
3897 2693 73 2,4,1,5,3,8,7,9,6 11 0
3898 2693 82 1,2,4,6,9,7,8,3,5 3 0
3899 2694 55 2,1,4,6,7,8,3,5,9 2 0
3900 2697 62 1,2,9,6,7,3,5,8,4 0 0
3901 2698 82 1,2,4,6,9,7,8,3,5 3 0
3902 2702 17 7,8,1,9,2,5,4,6,3 173 0
3903 2702 47 1,6,9,7,8,3,2,4,5 32 0
3904 2703 16 3,1,4,5,2,7,6,8,9 247 0
3905 2703 50 1,2,3,9,7,5,8,4,6 1 0
3906 2704 39 2,7,8,1,5,4,3,6,9 32 0
3907 2704 81 3,4,1,2,5,9,8,6,7 15 0
3908 2708 83 2,1,9,3,5,4,6,8,7 0 0
3909 2710 78 1,6,2,5,3,4,8,9,7 22 0
3910 2722 36 1,4,5,3,2,7,6,9,8 1 0
3911 2722 42 4,2,3,7,6,1,5,9,8 246 0
3912 2722 64 1,5,3,2,9,4,6,7,8 215 0
3913 2722 83 3,2,1,4,5,6,8,9,7 64 0
3914 2723 12 3,2,4,8,1,5,6,7,9 34 0
3915 2723 13 2,3,8,6,4,5,1,9,7 6 0
3916 2723 55 3,1,2,6,4,8,5,7,9 60 0
3917 2723 70 1,3,4,2,6,7,5,8,9 60 0
3918 2724 21 1,4,2,3,6,8,5,9,7 137 0
3919 2724 24 2,3,1,5,4,6,8,7,9 205 0
3920 2724 83 1,4,2,3,7,5,6,9,8 137 0
3921 2728 53 1,2,3,5,4,7,6,9,8 0 0
3922 2728 65 5,2,4,1,3,7,6,9,8 12 0
3923 2728 78 1,4,2,3,6,5,7,8,9 9 0
3924 2729 25 3,2,1,5,4,9,8,7,6 171 0
3925 2734 64 2,1,4,5,6,7,3,9,8 0 0
3926 2734 66 1,5,2,3,4,6,8,7,9 7 0
3927 2734 74 2,3,1,5,8,6,4,7,9 15 0
3928 2734 78 3,4,6,1,5,2,7,8,9 7 0
3929 2735 75 1,2,3,6,4,5,7,8,9 0 0
3930 2735 82 3,1,2,6,4,8,5,7,9 252 0
3931 2736 76 1,3,6,4,5,8,7,2,9 38 0
3932 2736 79 2,7,5,4,6,3,1,9,8 102 0
3933 2737 70 1,2,3,6,7,4,5,8,9 0 0
3934 2740 65 4,7,5,8,9,2,3,6,1 94 0
3935 2741 77 2,4,5,7,1,8,9,3,6 89 0
3936 2758 53 2,3,6,7,1,5,8,4,9 64 0
3937 2765 53 4,6,1,7,2,3,5,8,9 201 0
3938 2784 53 2,7,4,9,8,6,5,1,3 109 0
3939 2794 63 1,3,2,4,7,8,6,5,9 150 0
3940 2801 61 4,1,2,5,7,3,6,8,9 249 0
3941 2803 39 1,2,5,6,9,3,7,4,8 3 0
3942 2805 70 5,7,9,1,2,4,3,8,6 25 0
3943 2810 44 3,4,6,5,7,8,9,2,1 96 0
3944 2814 30 7,2,3,1,5,4,6,8,9 201 0
3945 2814 47 8,2,1,4,3,5,6,7,9 1 0
3946 2816 2 7,3,5,2,6,8,4,1,9 187 0
3947 2816 51 1,5,7,9,8,3,2,4,6 81 0
3948 2817 65 1,2,3,4,5,8,6,7,9 0 0
3949 2824 60 3,1,4,5,6,7,2,8,9 201 0
3950 2824 82 9,3,4,6,5,2,1,7,8 201 0
3951 2825 62 9,1,2,6,3,4,7,8,5 88 0
3952 2828 40 7,1,2,3,4,5,6,8,9 254 0
3953 2828 83 1,3,2,9,7,8,4,5,6 166 0
3954 2849 43 4,1,5,3,7,2,6,9,8 8 0
3955 2850 69 1,2,3,5,7,9,4,6,8 0 0
3956 2851 82 5,2,6,1,4,3,8,7,9 172 0
3957 2855 21 5,1,2,4,6,3,7,8,9 1 0
3958 2855 24 2,8,3,4,1,5,9,6,7 75 0
3959 2855 54 4,8,5,2,1,3,6,9,7 153 0
3960 2855 76 1,3,4,9,6,2,5,7,8 71 0
3961 2860 50 2,4,5,6,7,1,8,3,9 228 0
3962 2861 45 1,2,3,4,6,5,9,8,7 0 0
3963 2862 74 4,2,6,1,7,3,9,8,5 9 0
3964 2885 65 1,2,3,4,5,7,6,9,8 0 0
3965 2910 59 2,1,3,4,6,7,9,8,5 3 0
3966 2919 83 1,2,3,5,8,4,7,9,6 1 0
3967 2934 38 1,6,7,5,2,3,9,4,8 2 0
3968 2937 34 9,3,5,1,6,4,2,7,8 50 0
3969 2944 81 2,1,4,3,5,6,8,7,9 0 0
3970 2947 30 2,5,3,4,1,9,8,6,7 46 0
3971 2948 54 1,2,5,7,3,6,9,8,4 3 0
3972 2952 72 1,2,3,4,9,8,5,6,7 0 0
3973 2954 44 3,7,6,8,9,4,5,1,2 252 0
3974 2958 69 1,4,6,3,2,7,9,5,8 7 0
3975 2962 0 2,3,7,4,5,9,8,1,6 7 0
3976 2962 16 1,5,6,8,4,9,3,2,7 193 0
3977 2962 31 2,6,7,8,1,5,4,3,9 1 0
3978 2963 33 6,1,4,2,3,7,5,9,8 161 0
3979 2963 59 1,4,2,3,6,7,5,9,8 233 0
3980 2963 70 4,2,1,5,3,8,9,6,7 28 0
3981 2963 72 1,2,3,7,5,6,8,9,4 0 0
3982 2964 30 9,1,6,2,3,5,8,4,7 249 0
3983 2964 33 5,9,8,1,6,3,2,4,7 48 0
3984 2964 47 1,3,4,6,5,2,9,8,7 7 0
3985 2964 51 2,1,4,7,6,3,5,9,8 0 0
3986 2964 75 5,6,1,4,9,2,3,7,8 32 0
3987 2964 77 1,3,4,9,8,6,2,5,7 7 0
3988 2964 80 1,4,8,2,9,5,3,7,6 16 0
3989 2965 47 3,1,2,5,4,7,8,6,9 188 0
3990 2965 53 7,1,2,4,3,5,8,6,9 2 0
3991 2965 57 4,1,3,2,8,5,6,7,9 25 0
3992 2965 60 4,5,8,2,1,7,3,9,6 12 0
3993 2965 73 3,2,8,1,4,6,5,7,9 6 0
3994 2965 81 2,1,5,3,7,4,6,9,8 0 0
3995 2966 16 1,7,2,8,4,3,9,6,5 76 0
3996 2966 27 1,2,3,4,9,5,6,7,8 0 0
3997 2966 52 3,6,2,1,8,4,5,7,9 9 0
3998 2966 70 5,4,6,1,2,8,3,9,7 171 0
3999 2967 63 2,5,1,8,7,3,4,9,6 115 0
4000 2967 69 2,4,1,6,3,8,7,5,9 12 0
4001 2967 75 2,3,1,9,7,8,6,4,5 6 0
4002 2967 77 1,3,2,7,9,8,4,5,6 54 0
4003 2968 75 1,3,5,7,2,9,4,6,8 8 0
4004 2968 78 2,1,3,4,6,5,7,9,8 3 0
4005 2969 57 1,3,8,2,5,9,4,6,7 115 0
4006 2969 73 3,2,1,9,4,5,6,7,8 2 0
4007 2969 82 6,1,2,3,4,9,8,7,5 2 0
4008 2970 28 1,7,3,2,4,5,8,6,9 127 0
4009 2970 44 4,1,3,2,5,7,8,6,9 54 0
4010 2970 70 1,2,6,3,4,7,9,5,8 3 0
4011 2971 51 2,1,6,5,3,8,4,7,9 3 0
4012 2971 55 2,7,6,8,4,5,9,3,1 67 0
4013 2971 74 3,1,5,2,4,9,7,6,8 217 0
4014 2973 48 3,1,2,4,6,5,8,7,9 243 0
4015 2975 49 3,4,1,5,2,8,6,9,7 112 0
4016 2976 73 1,2,3,4,5,6,7,8,9 0 0
4017 2977 40 1,2,3,4,5,9,8,7,6 0 0
4018 2979 5 1,2,8,3,6,7,9,5,4 2 0
4019 2979 14 3,2,1,4,5,7,6,9,8 47 0
4020 2979 25 1,2,3,7,5,6,4,9,8 3 0
4021 2979 41 1,4,9,3,2,8,5,6,7 0 0
4022 2979 59 7,3,9,5,4,1,6,2,8 35 0
4023 2980 59 2,5,3,4,6,1,7,8,9 169 0
4024 2980 68 4,1,3,6,5,8,7,2,9 41 0
4025 2980 81 1,7,8,2,3,4,5,6,9 194 0
4026 2981 30 2,3,1,4,6,5,7,8,9 6 0
4027 2982 70 2,1,5,8,7,3,6,4,9 0 0
4028 2982 83 1,4,9,5,8,6,2,7,3 241 0
4029 2983 66 3,2,1,4,5,8,6,9,7 159 0
4030 2983 81 1,5,4,6,9,3,2,7,8 153 0
4031 2984 83 1,9,2,3,7,5,6,4,8 111 0
4032 2986 14 1,2,3,6,5,4,7,9,8 2 0
4033 2986 68 2,1,3,4,6,5,7,8,9 3 0
4034 2987 41 3,1,4,5,6,9,2,7,8 6 0
4035 2987 82 1,6,2,3,9,4,5,8,7 159 0
4036 2988 76 1,6,2,5,7,8,9,4,3 32 0
4037 2988 81 3,1,2,5,4,6,8,9,7 195 0
4038 2989 83 1,2,8,7,5,9,6,4,3 3 0
4039 2991 39 1,3,7,4,2,6,5,9,8 93 0
4040 2992 49 2,1,5,3,4,6,7,8,9 0 0
4041 2993 37 4,2,5,3,1,6,7,8,9 83 0
4042 2993 60 3,2,1,4,5,6,7,9,8 32 0
4043 2994 54 1,4,2,8,6,7,9,5,3 8 0
4044 2995 71 2,1,3,4,6,5,8,9,7 3 0
4045 3002 37 1,9,2,8,3,5,6,7,4 183 0
4046 3010 79 1,3,2,4,5,8,6,7,9 6 0
4047 3018 74 4,1,3,2,6,7,5,9,8 22 0
4048 3023 14 5,1,4,6,7,3,2,9,8 15 0
4049 3023 27 2,1,3,5,8,7,9,6,4 3 0
4050 3023 32 3,2,1,9,6,5,7,8,4 121 0
4051 3023 45 9,3,1,2,5,4,6,8,7 2 0
4052 3024 17 1,2,6,4,7,5,9,3,8 2 0
4053 3024 32 1,2,3,5,7,6,4,8,9 0 0
4054 3024 62 1,2,9,8,3,6,5,7,4 0 0
4055 3024 75 1,9,5,8,3,2,7,4,6 47 0
4056 3025 30 3,2,1,4,8,7,9,6,5 111 0
4057 3025 53 2,3,5,1,4,6,7,8,9 107 0
4058 3026 61 1,2,3,5,4,6,9,7,8 1 0
4059 3026 66 1,3,5,2,4,6,7,9,8 2 0
4060 3026 75 1,3,2,4,6,9,8,7,5 6 0
4061 3026 78 3,4,5,6,1,2,7,8,9 143 0
4062 3027 78 2,4,3,9,6,5,8,1,7 9 0
4063 3028 46 3,1,2,4,5,6,8,7,9 3 0
4064 3028 68 3,2,1,6,9,4,5,8,7 80 0
4065 3029 30 1,2,3,4,7,5,6,8,9 0 0
4066 3032 13 2,3,4,8,7,9,6,1,5 4 0
4067 3036 54 3,1,2,5,7,4,8,6,9 67 0
4068 3039 44 1,2,3,4,5,7,6,8,9 0 0
4069 3043 17 1,2,8,3,9,4,6,7,5 3 0
4070 3046 48 1,4,5,2,7,6,9,8,3 126 0
4071 3047 20 1,8,9,3,4,2,5,6,7 192 0
4072 3047 61 2,4,7,3,6,8,9,5,1 75 0
4073 3049 21 5,2,1,3,8,6,4,9,7 2 0
4074 3049 69 1,2,6,5,3,4,9,7,8 1 0
4075 3050 53 4,3,5,1,2,7,6,9,8 8 0
4076 3050 71 3,9,1,2,7,5,4,6,8 2 0
4077 3052 69 1,4,2,3,5,6,7,9,8 57 0
4078 3052 72 2,1,3,7,6,4,5,8,9 2 0
4079 3053 55 7,5,4,1,2,3,6,8,9 215 0
4080 3056 42 1,3,5,7,9,4,8,6,2 6 0
4081 3056 50 2,4,5,7,3,6,1,9,8 9 0
4082 3058 63 2,1,3,5,7,9,8,6,4 0 0
4083 3058 69 4,3,2,1,6,5,8,9,7 223 0
4084 3060 78 2,3,4,8,5,7,6,1,9 20 0
4085 3070 49 1,2,3,9,4,8,5,6,7 2 0
4086 3070 82 1,2,8,3,9,5,4,6,7 3 0
4087 3071 61 1,2,4,3,5,7,6,8,9 3 0
4088 3077 19 1,2,3,4,5,6,7,8,9 0 0
4089 3082 53 1,2,5,7,4,6,9,3,8 3 0
4090 3083 75 1,2,5,4,3,9,7,6,8 3 0
4091 3087 40 1,4,2,5,6,7,3,8,9 22 0
4092 3091 83 1,2,3,8,7,9,5,4,6 1 0
4093 3092 69 3,2,1,5,8,9,4,7,6 32 0
4094 3093 76 2,1,3,9,4,8,7,6,5 3 0
4095 3094 55 2,5,1,3,4,9,6,7,8 89 0
4096 3095 40 1,5,2,7,6,9,3,4,8 150 0
4097 3097 79 2,1,5,4,7,6,8,3,9 3 0
4098 3102 80 3,1,5,7,9,2,4,8,6 166 0
4099 3109 81 1,2,7,6,4,3,5,9,8 3 0
4100 3113 73 1,3,2,4,6,7,8,9,5 6 0
4101 3126 73 1,7,3,4,2,5,6,9,8 252 0
4102 3139 48 2,5,3,4,1,7,9,6,8 19 0
4103 3141 75 1,5,6,7,4,2,8,3,9 102 0
4104 3148 34 1,2,4,3,5,7,6,8,9 3 0
4105 3160 32 1,3,4,2,5,6,8,7,9 252 0
4106 3160 83 3,1,2,8,6,7,4,5,9 252 0
4107 3166 81 3,1,5,8,6,9,2,4,7 121 0
4108 3167 28 7,5,1,9,6,8,4,3,2 169 0
4109 3167 35 9,1,8,2,6,7,4,5,3 3 0
4110 3179 32 1,3,2,7,5,4,6,8,9 6 0
4111 3179 46 1,3,7,2,9,4,8,6,5 3 0
4112 3180 24 3,1,5,4,6,8,2,9,7 243 0
4113 3180 50 1,3,2,4,6,7,5,8,9 246 0
4114 3180 54 4,3,1,2,8,7,5,6,9 243 0
4115 3180 82 2,1,6,3,4,5,8,7,9 3 0
4116 3181 28 2,4,3,5,1,6,7,9,8 3 0
4117 3183 30 2,3,7,5,1,4,6,8,9 255 0
4118 3183 56 3,5,2,6,7,1,9,4,8 19 0
4119 3183 83 2,1,5,3,4,6,7,8,9 0 0
4120 3184 55 1,2,3,5,6,8,4,7,9 3 0
4121 3184 58 3,1,2,6,4,5,7,8,9 44 0
4122 3186 6 1,2,6,4,5,7,3,8,9 0 0
4123 3186 55 1,3,2,6,9,8,4,7,5 6 0
4124 3187 37 5,4,1,6,3,9,7,8,2 180 0
4125 3187 48 3,6,1,2,8,4,5,7,9 128 0
4126 3188 26 1,3,2,4,5,6,7,8,9 86 0
4127 3188 74 4,3,5,7,1,2,6,9,8 211 0
4128 3193 54 5,4,2,6,9,3,8,1,7 100 0
4129 3193 64 1,4,5,2,7,9,6,8,3 32 0
4130 3194 7 2,3,4,6,1,9,8,5,7 251 0
4131 3194 27 7,1,2,3,4,6,5,9,8 152 0
4132 3194 52 3,5,7,1,2,8,4,6,9 251 0
4133 3194 74 6,2,1,3,7,4,8,9,5 139 0
4134 3194 81 6,2,1,3,7,4,8,9,5 139 0
4135 3196 54 3,1,2,5,4,9,7,6,8 168 0
4136 3199 83 1,3,4,2,5,6,9,7,8 3 0
4137 3201 56 1,3,6,4,9,5,7,2,8 247 0
4138 3204 72 1,3,2,8,7,4,5,6,9 152 0
4139 3205 78 2,3,1,7,4,5,6,9,8 6 0
4140 3206 68 2,1,3,6,5,4,9,7,8 2 0
4141 3209 64 3,1,2,5,4,7,9,8,6 156 0
4142 3210 71 1,6,8,7,9,3,2,4,5 51 0
4143 3210 74 1,2,3,6,4,5,7,9,8 2 0
4144 3211 83 1,2,3,4,5,6,8,9,7 0 0
4145 3214 79 1,5,8,2,4,3,6,7,9 33 0
4146 3218 33 2,1,3,5,4,6,7,9,8 3 0
4147 3227 41 7,2,5,8,1,3,4,6,9 65 0
4148 3227 57 1,2,3,8,6,5,7,4,9 3 0
4149 3227 60 2,4,1,3,6,8,5,7,9 105 0
4150 3228 12 3,1,6,4,2,5,9,7,8 35 0
4151 3228 55 6,5,1,4,8,3,7,2,9 51 0
4152 3228 72 2,1,4,7,3,6,9,5,8 0 0
4153 3229 39 2,4,3,8,7,9,1,6,5 107 0
4154 3229 43 3,4,5,1,2,6,7,9,8 99 0
4155 3229 76 7,1,6,8,4,2,3,9,5 63 0
4156 3229 77 1,4,7,6,8,3,2,9,5 39 0
4157 3230 62 1,2,3,4,7,6,5,8,9 0 0
4158 3231 71 1,4,3,2,7,6,9,5,8 16 0
4159 3231 74 3,5,6,1,4,9,2,7,8 7 0
4160 3232 29 7,9,8,1,4,3,5,2,6 97 0
4161 3234 42 1,2,3,9,6,8,4,5,7 3 0
4162 3234 74 1,4,2,3,6,9,8,5,7 73 0
4163 3235 38 1,3,4,5,6,2,9,7,8 253 0
4164 3235 47 5,1,4,3,2,8,6,7,9 113 0
4165 3235 60 1,5,6,8,4,7,2,9,3 112 0
4166 3236 12 4,5,1,3,2,7,9,8,6 46 0
4167 3236 28 5,1,4,7,9,3,2,8,6 173 0
4168 3236 83 2,7,1,4,5,9,6,3,8 188 0
4169 3237 48 5,1,8,3,2,6,4,7,9 160 0
4170 3237 78 2,1,3,8,9,6,4,5,7 2 0
4171 3238 42 2,6,1,3,5,4,7,9,8 33 0
4172 3238 53 4,1,6,2,3,7,8,5,9 78 0
4173 3238 76 1,2,3,4,5,7,6,8,9 0 0
4174 3243 16 5,3,7,4,6,1,2,8,9 22 0
4175 3245 30 8,2,5,1,3,4,7,9,6 19 0
4176 3245 58 1,2,3,5,4,9,7,6,8 0 0
4177 3248 12 1,2,6,4,5,3,7,8,9 0 0
4178 3248 49 2,1,5,4,7,6,3,8,9 3 0
4179 3249 15 2,1,9,6,3,4,5,7,8 0 0
4180 3249 31 2,9,8,4,6,3,1,7,5 141 0
4181 3249 43 1,7,2,6,3,4,5,8,9 88 0
4182 3250 13 4,2,1,8,5,7,9,3,6 4 0
4183 3251 83 1,2,5,3,8,4,6,9,7 0 0
4184 3253 28 3,1,2,4,6,7,5,8,9 83 0
4185 3258 25 1,3,2,4,5,7,6,8,9 6 0
4186 3264 42 2,1,4,7,3,5,8,6,9 0 0
4187 3264 75 1,2,3,4,5,6,7,8,9 0 0
4188 3268 74 1,4,3,2,6,7,5,8,9 192 0
4189 3268 76 2,4,5,7,3,9,8,1,6 193 0
4190 3268 79 1,4,2,3,6,5,8,9,7 201 0
4191 3272 74 1,4,5,3,2,6,7,9,8 129 0
4192 3272 81 1,4,5,3,2,6,7,9,8 129 0
4193 3280 27 1,2,3,4,7,8,5,9,6 0 0
4194 3283 79 2,1,4,8,5,6,3,7,9 1 0
4195 3284 53 5,3,4,2,1,9,8,6,7 147 0
4196 3285 54 9,2,1,3,4,5,8,6,7 179 0
4197 3285 79 3,5,9,1,2,4,8,7,6 108 0
4198 3292 62 2,4,1,3,5,6,7,9,8 153 0
4199 3293 29 3,5,8,4,7,1,6,2,9 55 0
4200 3293 39 3,8,4,2,5,7,9,6,1 3 0
4201 3295 81 1,4,2,6,9,3,7,8,5 9 0
4202 3296 75 5,6,4,7,1,8,3,2,9 246 0
4203 3296 79 3,2,8,1,4,9,7,6,5 219 0
4204 3300 83 1,2,3,4,5,7,8,6,9 0 0
4205 3302 70 6,3,7,1,2,4,8,9,5 153 0
4206 3304 40 1,2,4,5,7,3,9,8,6 3 0
4207 3306 14 6,7,9,4,1,5,2,3,8 48 0
4208 3306 76 1,5,2,8,4,7,9,3,6 48 0
4209 3307 83 3,1,2,7,9,5,4,8,6 19 0
4210 3311 38 5,3,2,4,1,6,7,8,9 121 0
4211 3313 43 1,3,2,4,6,9,7,8,5 6 0
4212 3315 30 3,7,9,6,1,2,5,8,4 63 0
4213 3315 58 2,1,3,5,6,8,7,4,9 0 0
4214 3317 78 2,1,4,3,9,5,6,8,7 0 0
4215 3318 39 4,6,3,2,5,7,8,1,9 6 0
4216 3324 79 3,9,5,2,1,8,6,4,7 15 0
4217 3327 45 1,3,2,9,8,4,6,7,5 172 0
4218 3334 74 4,6,3,1,7,8,2,9,5 22 0
4219 3336 36 5,2,4,8,6,7,1,9,3 19 0
4220 3336 72 1,6,5,2,4,3,7,8,9 50 0
4221 3337 0 5,1,2,9,6,3,4,8,7 161 0
4222 3337 43 5,4,8,6,3,2,7,1,9 225 0
4223 3338 76 8,1,7,6,5,2,4,9,3 145 0
4224 3339 57 2,3,1,6,4,5,9,7,8 249 0
4225 3340 66 1,8,3,2,5,4,9,6,7 207 0
4226 3341 11 1,6,9,2,3,5,4,7,8 7 0
4227 3347 70 5,1,3,6,9,8,2,4,7 81 0
4228 3347 83 8,5,3,9,7,2,1,4,6 19 0
4229 3348 21 1,8,5,2,4,9,6,7,3 8 0
4230 3348 49 5,2,6,4,7,3,1,9,8 235 0
4231 3357 9 3,1,7,5,8,6,9,2,4 73 0
4232 3365 80 2,4,8,7,3,9,1,5,6 203 0
4233 3368 74 4,3,5,6,7,9,1,2,8 239 0
4234 3370 68 2,3,6,7,4,1,5,9,8 25 0
4235 3379 48 8,1,2,3,4,9,6,7,5 56 0
4236 3387 74 1,2,8,9,4,7,6,3,5 3 0
4237 3392 22 3,1,2,4,5,7,9,6,8 243 0
4238 3407 68 1,2,3,6,5,4,8,7,9 1 0
4239 3412 69 4,3,6,1,7,2,5,8,9 136 0
4240 3413 65 1,2,3,4,5,7,6,8,9 0 0
4241 3415 65 4,1,7,5,6,8,9,2,3 214 0
4242 3417 49 1,2,3,4,5,6,7,8,9 0 0
4243 3421 65 4,3,6,5,8,7,9,2,1 44 0
4244 3421 76 1,2,6,3,5,4,9,7,8 0 0
4245 3430 76 1,6,4,5,2,9,8,7,3 163 0
4246 3433 67 1,5,7,4,3,2,8,6,9 119 0
4247 3435 61 1,3,6,2,4,5,7,9,8 67 0
4248 3440 49 1,5,9,4,7,6,2,3,8 38 0
4249 3440 75 9,3,1,5,8,6,7,2,4 196 0
4250 3448 30 3,2,5,1,4,7,6,8,9 6 0
4251 3448 33 1,2,3,6,5,4,7,8,9 0 0
4252 3449 81 3,2,1,5,4,8,6,7,9 20 0
4253 3451 25 4,2,7,1,6,3,5,8,9 25 0
4254 3455 54 2,1,7,4,3,6,8,9,5 3 0
4255 3460 27 1,3,4,2,5,6,9,7,8 172 0
4256 3463 69 3,6,4,7,5,9,8,2,1 87 0
4257 3474 24 1,4,3,7,2,5,9,6,8 191 0
4258 3474 70 1,4,5,9,2,8,6,3,7 190 0
4259 3477 81 1,2,3,4,5,6,7,8,9 0 0
4260 3480 78 1,3,5,6,8,2,4,7,9 7 0
4261 3483 54 3,1,2,4,7,6,9,5,8 131 0
4262 3488 55 9,4,3,8,5,1,2,7,6 239 0
4263 3488 81 2,4,1,3,5,6,8,7,9 9 0
4264 3496 33 4,1,9,7,8,3,5,6,2 88 0
4265 3496 70 1,2,3,4,6,9,8,5,7 0 0
4266 3499 73 1,2,6,4,7,3,5,9,8 0 0
4267 3518 82 3,1,6,8,7,4,2,9,5 7 0
4268 3519 59 2,5,7,1,3,4,6,9,8 4 0
4269 3520 79 1,2,3,4,5,6,7,8,9 0 0
4270 3521 21 3,8,4,1,5,2,6,7,9 68 0
4271 3521 22 1,7,3,4,5,2,9,6,8 70 0
4272 3521 37 2,1,3,4,9,8,5,6,7 3 0
4273 3523 24 1,3,4,2,5,6,7,8,9 147 0
4274 3525 77 8,1,4,2,3,5,9,6,7 247 0
4275 3548 59 1,4,2,3,5,7,8,6,9 41 0
4276 3548 63 1,5,2,3,7,4,9,6,8 134 0
4277 3551 70 5,1,2,3,8,7,9,6,4 191 0
4278 3552 53 2,1,8,9,6,3,4,5,7 2 0
4279 3553 44 3,4,1,2,5,7,8,6,9 64 0
4280 3557 57 1,2,3,4,6,5,9,8,7 0 0
4281 3562 40 1,2,3,6,7,4,5,8,9 0 0
4282 3568 49 2,1,6,3,5,4,8,7,9 3 0
4283 3569 62 5,7,8,4,2,1,3,9,6 152 0
4284 3569 76 1,2,3,4,6,5,8,7,9 0 0
4285 3572 55 1,4,2,6,3,7,9,8,5 73 0
4286 3573 76 1,2,5,3,4,6,9,7,8 1 0
4287 3576 82 1,2,3,6,4,5,7,8,9 0 0
4288 3580 73 2,9,3,1,5,8,4,7,6 219 0
4289 3581 83 1,2,8,7,5,9,6,4,3 3 0
4290 3582 80 1,3,2,7,6,4,5,8,9 217 0
4291 3585 73 3,6,5,7,1,2,4,9,8 169 0
4292 3588 82 1,2,3,4,5,6,7,8,9 0 0
4293 3590 70 1,2,3,4,5,7,6,9,8 0 0
4294 3592 81 2,1,5,8,3,7,4,9,6 1 0
4295 3599 60 1,2,3,5,9,6,4,8,7 2 0
4296 3602 76 1,2,3,5,6,8,4,9,7 2 0
4297 3603 55 4,7,1,6,9,2,3,5,8 68 0
4298 3604 74 2,3,5,9,6,8,7,4,1 41 0
4299 3607 45 2,4,1,3,5,6,7,8,9 89 0
4300 3607 81 1,2,3,4,6,5,7,8,9 0 0
4301 3613 44 1,2,9,3,8,4,7,5,6 0 0
4302 3614 64 1,3,4,8,6,7,9,5,2 70 0
4303 3624 68 1,3,2,5,4,7,6,9,8 198 0
4304 3625 48 1,8,2,3,6,4,5,7,9 6 0
4305 3625 66 8,7,3,1,4,5,9,2,6 23 0
4306 3626 66 3,2,1,4,8,5,7,6,9 96 0
4307 3628 72 1,2,5,7,4,3,8,9,6 2 0
4308 3635 37 1,2,4,5,3,6,7,8,9 0 0
4309 3637 81 2,1,5,9,8,4,3,7,6 0 0
4310 3646 72 6,2,3,1,7,4,5,8,9 158 0
4311 3654 70 6,4,7,1,2,5,3,8,9 212 0
4312 3659 6 1,4,2,5,3,6,7,9,8 233 0
4313 3685 34 7,8,9,6,5,2,1,4,3 64 0
4314 3689 81 1,3,5,2,8,7,4,6,9 252 0
4315 3691 39 4,1,6,2,3,5,7,9,8 246 0
4316 3693 62 3,1,5,2,4,7,6,8,9 6 0
4317 3717 66 6,3,1,4,2,5,7,9,8 132 0
4318 3733 58 4,2,3,1,5,6,7,8,9 249 0
4319 3734 25 4,2,7,1,6,3,8,5,9 65 0
4320 3734 68 6,3,8,7,5,1,2,4,9 91 0
4321 3734 83 4,3,2,8,1,7,5,6,9 55 0
4322 3754 61 3,4,8,5,9,6,1,7,2 124 0
4323 3755 11 3,4,6,2,5,8,7,1,9 4 0
4324 3755 14 1,2,6,3,5,8,7,4,9 1 0
4325 3756 26 1,7,2,4,6,9,5,8,3 87 0
4326 3759 11 1,4,3,5,2,6,7,9,8 9 0
4327 3764 42 2,1,7,3,4,5,8,6,9 0 0
4328 3765 39 1,2,7,4,5,6,3,8,9 3 0
4329 3778 80 1,2,3,5,4,6,7,9,8 0 0
4330 3785 79 3,2,4,1,8,5,6,7,9 230 0
4331 3797 55 1,2,3,8,4,5,6,9,7 0 0
4332 3801 74 8,1,3,4,2,6,9,5,7 131 0
4333 3804 69 1,5,3,6,8,7,9,2,4 2 0
4334 3805 80 3,2,6,5,7,9,8,1,4 105 0
4335 3821 71 7,8,9,5,3,2,6,4,1 118 0
4336 3825 64 3,4,1,2,5,8,9,6,7 96 0
4337 3829 61 2,1,6,5,7,8,3,4,9 3 0
4338 3832 15 3,1,2,7,5,6,4,9,8 3 0
4339 3833 44 5,3,1,2,6,4,7,8,9 255 0
4340 3833 79 4,2,1,3,7,5,6,8,9 163 0
4341 3834 78 3,4,6,5,1,7,2,8,9 143 0
4342 3849 34 2,1,5,7,4,3,6,8,9 0 0
4343 3854 80 5,1,8,2,4,7,3,6,9 142 0
4344 3855 75 4,2,1,5,3,8,6,7,9 92 0
4345 3862 26 1,7,9,4,2,8,3,5,6 18 0
4346 3863 44 1,4,5,2,3,7,8,6,9 0 0
4347 3872 82 2,8,4,9,7,5,1,6,3 128 0
4348 3902 70 5,1,6,3,2,8,4,9,7 111 0
4349 3904 46 2,1,3,9,5,6,8,7,4 1 0
4350 3975 9 3,2,7,8,6,4,5,9,1 217 0
4351 3975 67 2,3,4,1,6,9,8,7,5 223 0
4352 3975 83 3,8,9,7,1,5,2,6,4 135 0
4353 3976 59 1,3,7,5,4,9,2,6,8 6 0
4354 3978 48 2,6,4,1,5,7,9,3,8 0 0
4355 3978 50 2,3,4,7,5,9,8,6,1 164 0
4356 3983 73 7,1,3,2,8,4,5,9,6 89 0
4357 3984 50 1,2,3,4,7,6,5,8,9 0 0
4358 3984 82 2,1,6,9,4,3,7,8,5 3 0
4359 3989 34 5,4,7,9,8,3,6,1,2 200 0
4360 3989 66 1,2,5,3,4,9,8,6,7 3 0
4361 3990 62 3,5,8,7,9,4,2,1,6 20 0
4362 3993 73 2,1,9,6,3,8,7,4,5 1 0
4363 3995 58 1,3,2,7,6,5,4,9,8 55 0
4364 3996 79 3,2,8,1,9,4,5,7,6 4 0
4365 3999 40 1,3,4,6,2,5,8,9,7 232 0
4366 4003 70 8,3,7,9,4,5,6,2,1 86 0
4367 4012 27 2,1,8,3,9,7,6,4,5 0 0
4368 4018 63 4,2,5,3,6,1,8,7,9 236 0
4369 4020 50 2,3,4,5,8,1,9,6,7 96 0
4370 4112 68 1,4,3,2,6,5,8,7,9 0 0
4371 4114 81 6,1,4,7,9,3,2,8,5 217 0
4372 4116 42 7,8,9,4,6,1,2,5,3 208 0
4373 4118 75 2,6,8,3,7,1,5,9,4 190 0
4374 4148 78 2,8,3,1,7,6,5,4,9 80 0
4375 4150 79 4,3,1,2,6,8,9,5,7 83 0
4376 4174 18 1,2,4,8,9,6,5,7,3 0 0
4377 4197 2 5,6,4,1,2,7,3,8,9 207 0
4378 4207 0 5,7,9,3,6,1,4,2,8 49 0
4379 4215 64 7,8,9,6,2,1,4,3,5 195 0
4380 4250 76 5,8,9,3,2,1,4,7,6 144 0
4381 4275 64 7,8,9,1,5,6,2,3,4 252 0
